district_id,name_en,postcode,latitude,longitude,price_range
1,Akkaraipattu,32400,7.2167,81.85,high
1,Ambagahawatta,90326,7.4,81.3,low
1,Ampara,32000,7.2833,81.6667,medium
1,Bakmitiyawa,32024,7.026268,81.633832,high
1,Deegawapiya,32006,7.2833,81.6667,low
1,Devalahinda,32038,7.1889,81.5778,medium
1,Digamadulla Weeragoda,32008,7.2833,81.6667,high
1,Dorakumbura,32104,7.358849,81.280133,low
1,Gonagolla,32064,7.449853,81.618014,medium
1,Hulannuge,32514,7.4,81.3,high
1,Kalmunai,32300,7.413897,81.826718,low
1,Kannakipuram,32405,7.2167,81.85,medium
1,Karativu,32250,7.3833,81.8333,high
1,Kekirihena,32074,7.490724,81.310836,high
1,Koknahara,32035,7.184832,81.555806,low
1,Kolamanthalawa,32102,7.351733,81.249913,medium
1,Komari,32418,6.976958,81.78883,high
1,Lahugala,32512,7.415566,81.33954,low
1,Irakkamam,32450,7.1125,81.8542,medium
1,Mahaoya,32070,7.535248,81.351145,high
1,Marathamune,32314,7.45,81.8167,low
1,Namaloya,32037,7.1889,81.5778,medium
1,Navithanveli,32308,7.4333,81.7833,high
1,Nintavur,32340,7.35,81.85,low
1,Oluvil,32360,7.2833,81.85,medium
1,Padiyatalawa,32100,7.4,81.2333,high
1,Pahalalanda,32034,7.21752,81.578714,high
1,Panama,32508,6.812201,81.712237,low
1,Pannalagama,32022,7.0667,81.6167,medium
1,Paragahakele,32031,7.25669,81.609526,high
1,Periyaneelavanai,32316,7.434002,81.814169,low
1,Polwaga Janapadaya,32032,7.1889,81.5778,medium
1,Pottuvil,32500,6.8667,81.8333,high
1,Sainthamaruthu,32280,7.3833,81.8333,low
1,Samanthurai,32200,7.3833,81.8333,medium
1,Serankada,32101,7.464517,81.263599,high
1,Tempitiya,32072,7.610374,81.429907,low
1,Thambiluvil,32415,7.132227,81.819074,medium
1,Tirukovil,32420,7.1167,81.85,high
1,Uhana,32060,7.363281,81.637746,high
1,Wadinagala,32039,7.127849,81.56922,low
1,Wanagamuwa,32454,7.1125,81.8542,medium
2,Angamuwa,50248,8.177645,80.205048,high
2,Anuradhapura,50000,8.35,80.3833,low
2,Awukana,50169,7.9753,80.5266,medium
2,Bogahawewa,50566,8.328993,80.251702,high
2,Dematawewa,50356,8.357373,80.870087,low
2,Dimbulagala,51031,7.9167,80.55,medium
2,Dutuwewa,50393,8.65,80.5167,high
2,Elayapattuwa,50014,8.413522,80.318148,low
2,Ellewewa,51034,7.9167,80.55,medium
2,Eppawala,50260,8.1167,80.7333,high
2,Etawatunuwewa,50584,8.5595,80.5476,high
2,Etaweeragollewa,50518,8.613962,80.539713,low
2,Galapitagala,32066,8.089843,80.685528,medium
2,Galenbindunuwewa,50390,8.5833,80.55,high
2,Galkadawala,50006,8.412861,80.378175,low
2,Galkiriyagama,50120,7.9414,80.565,medium
2,Galkulama,50064,8.270414,80.506526,high
2,Galnewa,50170,8.2,80.3667,low
2,Gambirigaswewa,50057,8.4667,80.3667,medium
2,Ganewalpola,50142,8.090528,80.628195,high
2,Gemunupura,50224,8.0667,80.6833,low
2,Getalawa,50392,8.6167,80.5333,medium
2,Gnanikulama,50036,8.297336,80.431753,high
2,Gonahaddenawa,50554,8.5333,80.5083,high
2,Habarana,50150,8.047531,80.748664,low
2,Halmillawa Dambulla,50124,7.9474,80.594,medium
2,Halmillawetiya,50552,8.35,80.2667,high
2,Hidogama,50044,8.250421,80.418663,low
2,Horawpatana,50350,8.4333,80.8667,medium
2,Horiwila,50222,8.0667,80.6833,high
2,Hurigaswewa,50176,8.1333,80.3667,low
2,Hurulunikawewa,50394,8.6167,80.5333,medium
2,Ihala Puliyankulama,61316,8.153213,80.559989,high
2,Kagama,50282,8.061465,80.478039,low
2,Kahatagasdigiliya,50320,8.4167,80.6833,medium
2,Kahatagollewa,50562,8.45,80.65,high
2,Kalakarambewa,50288,8.0833,80.4667,high
2,Kalaoya,50226,8.0667,80.6833,low
2,Kalawedi Ulpotha,50556,8.5333,80.5083,medium
2,Kallanchiya,50454,8.45,80.55,high
2,Kalpitiya,61360,8.2333,79.7667,low
2,Kalukele Badanagala,51037,7.9167,80.55,medium
2,Kapugallawa,50370,8.4233,80.6783,high
2,Karagahawewa,50232,8.23416,80.322772,low
2,Kashyapapura,51032,7.9167,80.55,medium
2,Kebithigollewa,50500,8.5333,80.4833,high
2,Kekirawa,50100,8.037462,80.59801,low
2,Kendewa,50452,8.4833,80.6,medium
2,Kiralogama,50259,8.19407,80.37012,high
2,Kirigalwewa,50511,8.537767,80.556651,low
2,Kirimundalama,61362,8.2333,79.7667,medium
2,Kitulhitiyawa,50132,7.916592,80.63811,high
2,Kurundankulama,50062,8.2,80.45,low
2,Labunoruwa,50088,8.168026,80.617001,medium
2,Ihalagama,50304,8.35,80.5,high
2,Ipologama,50280,8.0833,80.4667,low
2,Madatugama,50130,7.940041,80.638217,medium
2,Maha Elagamuwa,50126,7.991935,80.61824,high
2,Mahabulankulama,50196,7.9753,80.5266,low
2,Mahailluppallama,50270,8.106,80.3619,medium
2,Mahakanadarawa,50306,8.35,80.5,high
2,Mahapothana,50327,8.4167,80.6833,high
2,Mahasenpura,50574,8.5595,80.5476,low
2,Mahawilachchiya,50022,8.2814,80.4588,medium
2,Mailagaswewa,50384,8.4,80.6333,high
2,Malwanagama,50236,8.225,80.3333,low
2,Maneruwa,50182,7.895997,80.475966,medium
2,Maradankadawala,50080,8.1333,80.4833,high
2,Maradankalla,50308,8.317498,80.537899,low
2,Medawachchiya,50500,8.540822,80.495957,medium
2,Megodawewa,50334,8.2333,80.7333,high
2,Mihintale,50300,8.35,80.5,low
2,Morakewa,50349,8.513051,80.778223,medium
2,Mulkiriyawa,50324,8.4167,80.6833,high
2,Muriyakadawala,50344,8.236464,80.654663,high
5,Colombo 15,1500,6.959444,79.875278,low
2,Nachchaduwa,50046,8.2667,80.4667,medium
2,Namalpura,50339,8.2333,80.7333,high
2,Negampaha,50180,7.9872,80.4597,low
2,Nochchiyagama,50200,8.266802,80.20823,medium
2,Nuwaragala,51039,7.9167,80.55,high
2,Padavi Maithripura,50572,8.5595,80.5476,low
2,Padavi Parakramapura,50582,8.5595,80.5476,medium
2,Padavi Sripura,50587,8.5595,80.5476,high
2,Padavi Sritissapura,50588,8.5595,80.5476,low
2,Padaviya,50570,8.5595,80.5476,medium
2,Padikaramaduwa,50338,8.2333,80.7333,high
2,Pahala Halmillewa,50206,8.21672,80.19116,high
2,Pahala Maragahawe,50220,8.0667,80.6833,low
2,Pahalagama,50244,8.186896,80.283767,medium
2,Palugaswewa,50144,8.053538,80.71918,high
2,Pandukabayapura,50448,8.4467,80.46731,low
2,Pandulagama,50029,8.2814,80.4588,medium
2,Parakumpura,50326,8.4167,80.6833,high
2,Parangiyawadiya,50354,8.491831,80.910014,low
2,Parasangahawewa,50055,8.4333,80.4333,medium
2,Pelatiyawa,51033,7.9167,80.55,high
2,Pemaduwa,50020,8.2814,80.4588,low
2,Perimiyankulama,50004,8.270584,80.535827,medium
2,Pihimbiyagolewa,50512,8.5595,80.5476,high
2,Pubbogama,50122,7.9167,80.6,high
2,Punewa,50506,8.6167,80.4667,low
2,Rajanganaya,50246,8.1708,80.2833,medium
2,Rambewa,50450,8.4333,80.5,high
2,Rampathwila,50386,8.4,80.6333,low
2,Rathmalgahawewa,50514,8.5595,80.5476,medium
2,Saliyapura,50008,8.3389,80.4333,high
2,Seeppukulama,50380,8.4,80.6333,low
2,Senapura,50284,8.0833,80.4667,medium
2,Sivalakulama,50068,8.25237,80.641743,high
2,Siyambalewa,50184,7.95,80.5167,low
2,Sravasthipura,50042,8.2667,80.4333,medium
2,Talawa,50230,8.2167,80.35,high
2,Tambuttegama,50240,8.15,80.3,high
2,Tammennawa,50104,8.0333,80.6,low
2,Tantirimale,50016,8.4,80.3,medium
2,Telhiriyawa,50242,8.15,80.3333,high
2,Tirappane,50072,8.2167,80.3833,low
2,Tittagonewa,50558,8.7167,80.75,medium
2,Udunuwara Colony,50207,8.2417,80.1917,high
2,Upuldeniya,50382,8.4,80.6333,low
2,Uttimaduwa,50067,8.254989,80.55487,medium
2,Vellamanal,31053,8.5167,81.1833,high
2,Viharapalugama,50012,8.4,80.3,low
2,Wahalkada,50564,8.5667,80.6222,medium
2,Wahamalgollewa,50492,8.479838,80.497451,high
2,Walagambahuwa,50086,8.153134,80.499049,high
2,Walahaviddawewa,50516,8.5595,80.5476,low
2,Welimuwapotana,50358,8.4333,80.8667,medium
2,Welioya Project,50586,8.5595,80.5476,high
3,Akkarasiyaya,90166,6.7792,80.9208,low
3,Aluketiyawa,90736,7.317155,81.127134,medium
3,Aluttaramma,90722,7.2167,81.0667,high
3,Ambadandegama,90108,6.81591,81.056492,low
3,Ambagasdowa,90300,6.928519,80.892126,medium
3,Arawa,90017,7.162769,81.07755,high
3,Arawakumbura,90532,7.084925,81.198802,low
3,Arawatta,90712,7.328715,81.036976,medium
3,Atakiriya,90542,7.0667,81.1056,high
3,Badulla,90000,6.995365,81.048438,low
3,Baduluoya,90019,7.151852,81.023867,medium
3,Ballaketuwa,90092,6.862905,81.097249,high
3,Bambarapana,90322,7.1167,81.0375,low
3,Bandarawela,90100,6.828867,80.990898,medium
3,Beramada,90066,7.055713,80.987238,high
3,Bibilegama,90502,6.887473,81.141268,low
3,Boragas,90362,6.901625,80.840162,medium
3,Boralanda,90170,6.828637,80.881603,high
3,Bowela,90302,6.95,80.9333,low
3,Central Camp,32050,7.3589,81.1759,medium
3,Damanewela,32126,7.2125,81.0583,high
3,Dambana,90714,7.3583,81.1083,high
3,Dehiattakandiya,32150,7.2125,81.0583,low
3,Demodara,90080,6.899055,81.053273,medium
3,Diganatenna,90132,6.8667,80.9667,high
3,Dikkapitiya,90214,6.7381,80.9669,low
3,Dimbulana,90324,7.006897,80.948431,medium
3,Divulapelessa,90726,7.2167,81.0667,high
3,Diyatalawa,90150,6.8,80.9667,low
3,Dulgolla,90104,6.819618,81.012115,medium
3,Ekiriyankumbura,91502,7.269736,81.226709,high
3,Ella,90090,6.874485,81.050937,low
3,Ettampitiya,90140,6.9342,80.9853,medium
3,Galauda,90065,7.037347,80.981759,high
3,Galporuyaya,90752,7.4,81.05,high
3,Gawarawela,90082,6.897394,81.069668,low
3,Girandurukotte,90750,7.4,81.05,medium
3,Godunna,90067,7.071959,80.975003,high
3,Gurutalawa,90208,6.8431,80.9228,low
3,Haldummulla,90180,6.77061,80.884385,medium
3,Hali Ela,90060,6.95,81.0333,high
3,Hangunnawa,90224,6.948019,80.871427,low
3,Haputale,90160,6.7667,80.9667,medium
3,Hebarawa,90724,7.2167,81.0667,high
3,Heeloya,90112,6.8212,80.9407,low
3,Helahalpe,90122,6.8212,80.9407,medium
3,Helapupula,90094,6.8556,81.0722,high
3,Hopton,90524,6.9594,81.1552,high
3,Idalgashinna,96167,6.7833,80.9,low
3,Kahataruppa,90052,7.023705,81.105188,medium
3,Kalugahakandura,90546,7.123675,81.094178,high
3,Kalupahana,90186,6.770298,80.854521,low
3,Kebillawela,90102,6.816937,80.993072,medium
3,Kendagolla,90048,6.990765,81.110073,high
3,Keselpotha,90738,7.32819,81.083285,low
3,Ketawatta,90016,7.103503,81.080813,medium
3,Kiriwanagama,90184,6.971183,80.91551,high
3,Koslanda,90190,6.759935,81.027417,low
3,Kuruwitenna,90728,7.2167,81.0667,medium
3,Kuttiyagolla,90046,7.0167,81.0833,high
3,Landewela,90068,7.002113,81.000496,high
3,Liyangahawela,90106,6.817452,81.032456,low
3,Lunugala,90530,7.041299,81.199335,medium
3,Lunuwatta,90310,6.953933,80.917059,high
3,Madulsima,90535,7.045064,81.133375,low
3,Mahiyanganaya,90700,7.2444,81.1167,medium
3,Makulella,90114,6.8212,80.9407,high
3,Malgoda,90754,7.4,81.05,low
3,Mapakadawewa,90730,7.3,81.1167,medium
3,Maspanna,90328,7.024427,80.942159,high
3,Maussagolla,90582,6.898433,81.147817,low
3,Mawanagama,32158,7.2125,81.0583,medium
3,Medawela Udukinda,90218,6.846,80.9279,high
3,Meegahakiula,90015,7.0833,80.9833,high
3,Metigahatenna,90540,6.9667,81.0833,low
3,Mirahawatta,90134,6.8817,80.9347,medium
3,Miriyabedda,90504,6.9167,81.15,high
3,Nawamedagama,32120,7.2125,81.0583,low
3,Nelumgama,90042,7,81.0917,medium
3,Nikapotha,90165,6.740622,80.97083,high
3,Nugatalawa,90216,6.9,80.8833,low
3,Ohiya,90168,6.821352,80.841789,medium
3,Pahalarathkinda,90756,7.4,81.05,high
3,Pallekiruwa,90534,7.007551,81.227033,low
3,Passara,90500,6.935017,81.151166,medium
3,Pattiyagedara,90138,6.8742,80.9507,high
3,Pelagahatenna,90522,6.9594,81.1552,high
3,Perawella,90222,6.943148,80.84264,low
3,Pitamaruwa,90544,7.106546,81.135882,medium
3,Pitapola,90171,6.803692,80.884474,high
3,Puhulpola,90212,6.907145,80.931109,low
3,Rajagalatenna,32068,7.5458,81.125,medium
3,Rathkarawwa,90164,6.8,80.9167,high
3,Ridimaliyadda,90704,7.2333,81.1,low
3,Silmiyapura,90364,6.912388,80.843988,medium
3,Sirimalgoda,90044,7.003857,81.073671,high
3,Siripura,32155,7.2125,81.0583,low
3,Sorabora Colony,90718,7.3583,81.1083,medium
3,Soragune,90183,6.8333,80.8778,high
3,Soranathota,90008,7.0167,81.05,low
3,Taldena,90014,7.0833,81.05,medium
3,Timbirigaspitiya,90012,7.0333,81.05,high
3,Uduhawara,90226,6.94706,80.85877,low
3,Uraniya,90702,7.237143,81.102818,medium
3,Uva Karandagolla,90091,6.8333,81.0667,high
3,Uva Mawelagama,90192,6.7333,81.0167,low
3,Uva Tenna,90188,6.8333,80.8778,medium
3,Uva Tissapura,90734,7.3,81.1167,high
3,Welimada,90200,6.906059,80.913222,low
3,Weranketagoda,32062,7.5458,81.125,medium
3,Wewatta,90716,7.337729,81.201255,high
3,Wineethagama,90034,7.029,80.937,high
3,Yalagamuwa,90329,7.047834,80.950541,low
3,Yalwela,90706,7.2667,81.15,medium
4,Addalaichenai,32350,7.4833,81.75,high
4,Ampilanthurai,30162,7.8597,81.4411,low
4,Araipattai,30150,7.667705,81.725335,medium
4,Ayithiyamalai,30362,7.670934,81.574798,high
4,Bakiella,30206,7.5083,81.7583,low
4,Batticaloa,30000,7.7167,81.7,medium
4,Cheddipalayam,30194,7.575161,81.783189,high
4,Chenkaladi,30350,7.7833,81.6,low
4,Eravur,30300,7.768518,81.619817,medium
4,Kaluwanchikudi,30200,7.5167,81.7833,high
4,Kaluwankeny,30372,7.8,81.5667,high
4,Kannankudah,30016,7.675505,81.674125,low
4,Karadiyanaru,30354,7.689478,81.531117,medium
4,Kathiraveli,30456,8.243933,81.360298,high
4,Kattankudi,30100,7.675,81.73,low
4,Kiran,30394,7.866841,81.529737,medium
4,Kirankulam,30159,7.615628,81.764245,high
4,Koddaikallar,30249,7.6389,81.6639,low
4,Kokkaddicholai,30160,7.8597,81.4411,medium
4,Kurukkalmadam,30192,7.594069,81.77497,high
4,Mandur,30220,7.482114,81.762407,low
4,Miravodai,30426,7.9,81.5167,medium
4,Murakottanchanai,30392,7.8667,81.5333,high
4,Navagirinagar,30238,7.525,81.725,high
4,Navatkadu,30018,7.5833,81.7167,low
4,Oddamavadi,30420,7.9167,81.5167,medium
4,Palamunai,32354,7.4833,81.75,high
4,Pankudavely,30352,7.75,81.5667,low
4,Periyaporativu,30230,7.536243,81.764557,medium
4,Periyapullumalai,30358,7.561255,81.47434,high
4,Pillaiyaradi,30022,7.75,81.6333,low
4,Punanai,30428,7.9667,81.3833,medium
4,Thannamunai,30024,7.76355,81.645852,high
4,Thettativu,30196,7.5833,81.7833,low
4,Thikkodai,30236,7.525269,81.684177,medium
4,Thirupalugamam,30234,7.525,81.725,high
4,Unnichchai,30364,7.6167,81.55,high
4,Vakaneri,30424,7.9167,81.4333,low
4,Vakarai,30450,8.165968,81.415623,medium
4,Valaichenai,30400,7.7,81.6,high
4,Vantharumoolai,30376,7.807445,81.591476,low
4,Vellavely,30204,7.5,81.7333,medium
5,Akarawita,10732,6.95,80.1,high
5,Ambalangoda,80300,6.77533,79.96413,low
5,Athurugiriya,10150,6.873072,79.997214,medium
5,Avissawella,10700,6.955003,80.211692,high
5,Batawala,10513,6.877924,80.051592,low
5,Battaramulla,10120,6.900299,79.922136,medium
5,Biyagama,11650,6.9408,79.9889,high
5,Bope,10522,6.8333,80.1167,high
5,Boralesgamuwa,10290,6.8425,79.9006,low
5,Colombo 8,800,6.914722,79.877778,medium
5,Dedigamuwa,10656,6.9115,80.0622,high
5,Dehiwala,10350,6.856387,79.865156,low
5,Deltara,10302,6.7833,79.9167,medium
5,Habarakada,10204,6.882518,80.017704,high
5,Hanwella,10650,6.905988,80.083333,low
5,Hiripitya,10232,6.85,79.95,medium
5,Hokandara,10118,6.890237,79.969894,high
5,Homagama,10200,6.85685,80.005384,low
5,Horagala,10502,6.807635,80.066995,medium
5,Kaduwela,10640,6.930497,79.984817,high
5,Kaluaggala,11224,6.9167,80.1,high
5,Kapugoda,10662,6.9486,80.1,low
5,Kehelwatta,12550,6.75,79.9167,medium
5,Kiriwattuduwa,10208,6.804157,80.009759,high
5,Kolonnawa,10600,6.933035,79.888095,low
5,Kosgama,10730,6.9333,80.1411,medium
5,Madapatha,10306,6.766824,79.930103,high
5,Maharagama,10280,6.843401,79.932766,low
5,Malabe,10115,6.901241,79.958072,medium
5,Moratuwa,10400,6.7733,79.8825,high
5,Mount Lavinia,10370,6.838864,79.863141,low
5,Mullegama,10202,6.887403,80.012959,medium
5,Napawela,10704,6.9531,80.2183,high
5,Nugegoda,10250,6.877563,79.886231,low
5,Padukka,10500,6.837834,80.090301,medium
5,Pannipitiya,10230,6.843999,79.944518,high
5,Piliyandala,10300,6.7981,79.9264,low
5,Pitipana Homagama,10206,6.8477,80.016,medium
5,Polgasowita,10320,6.7842,79.9811,high
5,Pugoda,10660,6.9703,80.1222,low
5,Ranala,10654,6.915253,80.032962,medium
5,Siddamulla,10304,6.815785,79.955978,high
5,Siyambalagoda,81462,6.800041,79.966845,low
5,Sri Jayawardenepura,10100,6.8897,79.9359,medium
5,Talawatugoda,10116,6.8692,79.9411,high
5,Tummodara,10682,6.9061,80.1353,high
5,Waga,10680,6.9061,80.1353,low
5,Colombo 6,600,6.874657,79.860483,medium
6,Agaliya,80212,6.1833,80.2,high
6,Ahangama,80650,5.970765,80.370204,low
6,Ahungalla,80562,6.315216,80.03029,medium
6,Akmeemana,80090,6.1845,80.3032,high
6,Alawatugoda,20140,6.4167,80,low
6,Aluthwala,80332,6.180801,80.136538,medium
6,Ampegama,80204,6.193907,80.14453,high
6,Amugoda,80422,6.314635,80.22104,low
6,Anangoda,80044,6.0722,80.2389,medium
6,Angulugaha,80122,6.036963,80.322148,high
6,Ankokkawala,80048,6.05329,80.274014,high
6,Aselapura,51072,6.3167,80.0333,low
6,Baddegama,80200,6.165975,80.201841,medium
6,Balapitiya,80550,6.269254,80.036054,high
6,Banagala,80143,6.2706,80.42,low
6,Batapola,80320,6.235697,80.120034,medium
6,Bentota,80500,6.4211,79.9989,high
6,Boossa,80270,6.2233,80.2,low
6,Dellawa,81477,6.335012,80.452741,medium
6,Dikkumbura,80654,6.012945,80.376153,high
6,Dodanduwa,80250,6.0967,80.1456,low
6,Ella Tanabaddegama,80402,6.2922,80.1988,medium
6,Elpitiya,80400,6.300214,80.171923,high
6,Galle,80000,6.0536,80.2117,high
6,Ginimellagaha,80220,6.2233,80.2,low
6,Gintota,80280,6.0564,80.1839,medium
6,Godahena,80302,6.2333,80.0667,high
6,Gonamulla Junction,80054,6.0667,80.3,low
6,Gonapinuwala,80230,6.2233,80.2,medium
6,Habaraduwa,80630,6.0043,80.326,high
6,Haburugala,80506,6.4052,80.038306,low
6,Hikkaduwa,80240,6.139535,80.113201,medium
6,Hiniduma,80080,6.316028,80.328888,high
6,Hiyare,80056,6.079898,80.317871,low
6,Kahaduwa,80460,6.2244,80.21,medium
6,Kahawa,80312,6.185429,80.07601,high
6,Karagoda,80151,6.084182,80.395041,high
6,Karandeniya,80360,6.260467,80.072462,low
6,Kosgoda,80570,6.332288,80.028315,medium
6,Kottawagama,80062,6.1375,80.3419,high
6,Kottegoda,81180,6.1667,80.1,low
6,Kuleegoda,80328,6.2167,80.1167,medium
6,Magedara,80152,6.108129,80.393927,high
6,Mahawela Sinhapura,51076,6.3167,80.0333,low
6,Mapalagama,80112,6.234713,80.27784,medium
6,Mapalagama Central,80116,6.2167,80.3,high
6,Mattaka,80424,6.302366,80.254218,low
6,Meda-Keembiya,80092,6.1845,80.3032,medium
6,Meetiyagoda,80330,6.189135,80.093504,high
6,Nagoda,80110,6.201296,80.277829,high
6,Nakiyadeniya,80064,6.143029,80.338164,low
6,Nawandagala,80416,6.304655,80.134175,medium
6,Neluwa,80082,6.37393,80.363267,high
6,Nindana,80318,6.207731,80.107663,low
6,Pahala Millawa,81472,6.293995,80.475431,medium
6,Panangala,80075,6.274182,80.334525,high
6,Pannimulla Panagoda,80086,6.36,80.3653,low
6,Parana Thanayamgoda,80114,6.2167,80.3,medium
6,Patana,22012,6.1333,80.1167,high
6,Pitigala,80420,6.348894,80.217851,low
6,Poddala,80170,6.1167,80.2167,medium
6,Polgampola,12136,6.3244,80.4383,high
6,Porawagama,80408,6.279568,80.231811,high
6,Rantotuwila,80354,6.3833,80.0833,low
6,Talagampola,80058,6.0667,80.3,medium
6,Talgaspe,80406,6.3,80.2,high
6,Talpe,80615,6.0061,80.2961,low
6,Tawalama,80148,6.3333,80.3333,medium
6,Tiranagama,80244,6.1333,80.1167,high
6,Udalamatta,80108,6.18924,80.306106,low
6,Udugama,80070,6.188469,80.338951,medium
6,Uluvitike,80168,6.3056,80.309,high
6,Unawatuna,80600,6.0169,80.249901,low
6,Unawitiya,80214,6.2417,80.225,medium
6,Uragaha,80352,6.35,80.1167,high
6,Uragasmanhandiya,80350,6.358461,80.082277,low
6,Wakwella,80042,6.1,80.1833,medium
6,Walahanduwa,80046,6.05443,80.251763,high
6,Wanchawela,80120,6.0333,80.3167,low
6,Wanduramba,80100,6.136388,80.252794,medium
6,Warukandeniya,80084,6.381574,80.43131,high
6,Watugedara,80340,6.25,80.05,low
6,Weihena,80216,6.310127,80.23392,medium
6,Welikanda,51070,6.3167,80.0333,high
6,Wilanagama,20142,6.4167,80,low
6,Yakkalamulla,80150,6.109027,80.349195,medium
6,Yatalamatta,80107,6.172247,80.293052,high
7,Akaragama,11536,7.262603,79.958057,high
7,Ambagaspitiya,11052,7.0833,80.0667,low
7,Ambepussa,11212,7.25,80.1667,medium
7,Andiambalama,11558,7.188346,79.902344,high
7,Attanagalla,11120,7.1119,80.1328,low
7,Badalgama,11538,7.291218,79.978003,medium
7,Banduragoda,11244,7.2319,80.0678,high
7,Batuwatta,11011,7.058399,79.932048,low
7,Bemmulla,11040,7.120933,80.028191,medium
7,Biyagama IPZ,11672,6.9492,80.0153,high
7,Bokalagama,11216,7.2333,80.15,low
7,Bollete (WP),11024,7.0667,79.95,medium
7,Bopagama,11134,7.079641,80.15868,high
7,Buthpitiya,11720,7.042846,80.051854,high
7,Dagonna,11524,7.221568,79.927455,low
7,Danowita,11896,7.2028,80.1758,medium
7,Debahera,11889,7.1389,80.0981,high
7,Dekatana,11690,6.968317,80.035385,low
7,Delgoda,11700,6.986583,80.01576,medium
7,Delwagura,11228,7.265367,80.003272,high
7,Demalagama,11692,6.988934,80.046886,low
7,Demanhandiya,11270,7.2333,79.9,medium
7,Dewalapola,11102,7.162553,79.997446,high
7,Divulapitiya,11250,7.2167,80.0156,low
7,Divuldeniya,11208,7.3,80.1,medium
7,Dompe,11680,6.949806,80.055083,high
7,Dunagaha,11264,7.2342,79.9756,high
7,Ekala,11380,7.105558,79.91532,low
7,Ellakkala,11116,7.135968,80.132524,medium
7,Essella,11108,7.178736,80.021603,high
7,Galedanda,90206,6.964202,79.930611,low
7,Gampaha,11000,7.0917,79.9942,medium
7,Ganemulla,11020,7.064183,79.963294,high
7,Giriulla,60140,7.3275,80.1267,low
7,Gonawala,11630,6.9612,79.9992,medium
7,Halpe,70145,7.261935,80.10821,high
7,Hapugastenna,70164,7.1,80.1667,low
7,Heiyanthuduwa,11618,6.96283,79.963309,medium
7,Hinatiyana Madawala,11568,7.1667,79.95,high
7,Hiswella,11734,7.021559,80.160869,high
7,Horampella,11564,7.185188,79.976771,low
7,Hunumulla,11262,7.244925,79.996921,medium
7,Hunupola,60582,7.111463,80.130625,high
7,Ihala Madampella,11265,7.250345,79.960941,low
7,Imbulgoda,11856,7.035,79.9931,medium
7,Ja-Ela,11350,7.076147,79.894932,high
7,Kadawatha,11850,7.0258,79.9882,low
7,Kahatowita,11144,7.0667,80.1167,medium
7,Kalagedihena,11875,7.118004,80.058001,high
7,Kaleliya,11160,7.195,80.1136,low
7,Kandana,11320,7.05056,79.895123,medium
7,Katana,11534,7.2517,79.9078,high
7,Katudeniya,21016,7.3,80.0833,high
7,Katunayake,11450,7.1647,79.8731,low
7,Katunayake Air Force Camp,11440,7.1407,79.8782,medium
7,Katunayake(FTZ),11420,7.1407,79.8782,high
7,Katuwellegama,11526,7.208557,79.94572,low
7,Kelaniya,11600,6.956357,79.921431,medium
7,Kimbulapitiya,11522,7.202265,79.908937,high
7,Kirindiwela,11730,7.044223,80.126707,low
7,Kitalawalana,11206,7.3,80.1,medium
7,Kochchikade,11540,7.2581,79.8542,high
7,Kotadeniyawa,11232,7.279861,80.05581,low
7,Kotugoda,11390,7.1217,79.9297,medium
7,Kumbaloluwa,11105,7.179375,80.082233,high
7,Loluwagoda,11204,7.294586,80.126624,high
7,Mabodale,11114,7.2,80.0167,low
7,Madelgamuwa,11033,7.110062,79.948175,medium
7,Makewita,11358,7.1,79.9333,high
7,Makola,11640,6.983178,79.9525,low
7,Malwana,11670,6.951988,80.012561,medium
7,Mandawala,11061,7.003066,80.097082,high
7,Marandagahamula,11260,7.2447,79.9696,low
7,Mellawagedara,11234,7.285808,80.023977,medium
7,Minuwangoda,11550,7.176455,79.954904,high
7,Mirigama,11200,7.2414,80.1325,low
7,Miriswatta,80508,7.0711,80.0183,medium
7,Mithirigala,11742,6.9648,80.0648,high
7,Muddaragama,11112,7.2167,80.05,low
7,Mudungoda,11056,7.064698,79.999092,medium
7,Mulleriyawa New Town,10620,6.9301,80.0549,high
7,Naranwala,11063,7.001631,80.027404,low
7,Nawana,11222,7.270062,80.092618,medium
7,Nedungamuwa,11066,7.05,80.0333,high
7,Negombo,11500,7.2086,79.8358,low
7,Nikadalupotha,60580,7.1167,80.1333,medium
7,Nikahetikanda,11128,7.099089,80.179551,high
7,Nittambuwa,11880,7.144243,80.096178,low
7,Niwandama,11354,7.078762,79.928331,medium
7,Opatha,80142,7.132037,79.921419,high
7,Pamunugama,11370,7.094359,79.844569,high
7,Pamunuwatta,11214,7.214678,80.139696,low
7,Panawala,70612,6.9833,80.0333,medium
7,Pasyala,11890,7.172926,80.115911,high
7,Peliyagoda,11830,6.960977,79.878852,low
7,Pepiliyawala,11741,7.002342,80.128886,medium
7,Pethiyagoda,11043,7.1167,80.0167,high
7,Polpithimukulana,11324,7.0444,79.8782,low
7,Puwakpitiya,10712,7.040498,80.064451,medium
7,Radawadunna,11892,7.177279,80.141344,high
7,Radawana,11725,7.029871,80.100915,low
7,Raddolugama,11400,7.140656,79.898198,medium
7,Ragama,11010,7.025281,79.917386,high
7,Ruggahawila,11142,7.0667,80.1167,high
7,Seeduwa,11410,7.132059,79.885024,low
7,Siyambalape,11607,6.964545,79.986406,medium
7,Talahena,11504,7.1667,79.8167,high
7,Thambagalla,60584,7.1167,80.1333,low
7,Thimbirigaskatuwa,11532,7.2669,79.9495,medium
7,Tittapattara,10664,6.9297,80.0889,high
7,Udathuthiripitiya,11054,7.075,80.0333,low
7,Udugampola,11030,7.1167,79.9833,medium
7,Uggalboda,11034,7.135549,79.948259,high
7,Urapola,11126,7.104792,80.136935,low
7,Uswetakeiyawa,11328,7.031046,79.860339,medium
7,Veyangoda,11100,7.156981,80.095842,high
7,Walgammulla,11146,7.071902,80.116511,high
7,Walpita,11226,7.258131,80.034704,low
7,Walpola (WP),11012,7.0418,79.9257,medium
7,Wathurugama,11724,7.0421,80.0701,high
7,Watinapaha,11104,7.2,79.9833,low
7,Wattala,11104,6.990037,79.892207,medium
7,Weboda,11858,7.0167,79.9833,high
7,Wegowwa,11562,7.178443,79.962063,low
7,Weweldeniya,11894,7.1834,80.1446,medium
7,Yakkala,11870,7.1167,80.05,high
7,Yatiyana,11566,7.184998,79.931858,low
8,Ambalantota,82100,6.114494,81.025983,medium
8,Angunakolapelessa,82220,6.162261,80.899471,high
8,Angunakolawewa,91302,6.389127,81.093226,high
8,Bandagiriya Colony,82005,6.1833,81.1389,low
8,Barawakumbuka,82110,6.1667,80.8167,medium
8,Beliatta,82400,6.048637,80.734343,high
8,Beragama,82102,6.15,81.0667,low
8,Beralihela,82618,6.2556,81.2944,medium
8,Bundala,82002,6.195164,81.250493,high
8,Ellagala,82619,6.26867,81.359512,low
8,Gangulandeniya,82586,6.2833,80.7167,medium
8,Getamanna,82420,6.036244,80.669146,high
8,Goda Koggalla,82401,6.0333,80.75,low
8,Gonagamuwa Uduwila,82602,6.25,81.2917,medium
8,Gonnoruwa,82006,6.230443,81.112465,high
8,Hakuruwela,82248,6.146456,80.83047,high
8,Hambantota,82000,6.127563,81.111287,low
8,Handugala,81326,6.188877,80.62414,medium
8,Hungama,82120,6.108006,80.927144,high
8,Ihala Beligalla,82412,6.092378,80.747311,low
8,Iththa Demaliya,82462,6.167432,80.735179,medium
8,Julampitiya,82252,6.2261,80.7403,high
8,Kahandamodara,82126,6.078654,80.902917,low
8,Kariyamaditta,82274,6.257359,80.809448,medium
8,Katuwana,82500,6.2667,80.6972,high
8,Kawantissapura,82622,6.2786,81.2524,low
8,Kirama,82550,6.2117,80.6653,medium
8,Kirinda,82614,6.268985,81.290653,high
8,Lunama,82108,6.098517,80.971511,high
8,Lunugamwehera,82634,6.3417,81.15,low
8,Magama,82608,6.280108,81.270354,medium
8,Mahagalwewa,82016,6.1833,81.1389,high
8,Mamadala,82109,6.158126,80.96681,low
8,Medamulana,82254,6.175878,80.770016,medium
8,Middeniya,82270,6.2494,80.7672,high
8,Meegahajandura,82014,6.1833,81.1389,low
8,Modarawana,82416,6.117576,80.720781,medium
8,Mulkirigala,82242,6.12,80.7397,high
8,Nakulugamuwa,82300,6.1842,80.9063,low
8,Netolpitiya,82135,6.066848,80.850703,medium
8,Nihiluwa,82414,6.077147,80.696499,high
8,Padawkema,82636,6.35,81.1667,low
8,Pahala Andarawewa,82008,6.1833,81.1389,medium
8,Rammalawarapitiya,82554,6.2117,80.6653,high
8,Ranakeliya,82612,6.2167,81.3,low
8,Ranmuduwewa,82018,6.1833,81.1389,medium
8,Ranna,82125,6.103377,80.890168,high
8,Ratmalwala,82276,6.2667,80.85,low
8,Ruhunu Ridiyagama,82106,6.1375,81.0042,medium
8,Sooriyawewa Town,82010,6.1833,81.1389,high
8,Tangalla,82200,6.0231,80.7889,low
8,Tissamaharama,82600,6.370333,81.328087,medium
8,Uda Gomadiya,82504,6.2667,80.6972,high
8,Udamattala,82638,6.3333,81.1333,high
8,Uswewa,82278,6.246247,80.862175,low
8,Vitharandeniya,82232,6.1824,80.806,medium
8,Walasmulla,82450,6.15,80.7,high
8,Weeraketiya,82240,6.135,80.7865,low
8,Weerawila,82632,6.3417,81.15,medium
8,Weerawila NewTown,82615,6.2556,81.2944,high
8,Wekandawela,82246,6.135,80.7865,low
8,Weligatta,82004,6.205897,81.196032,medium
8,Yatigala,82418,6.1,80.6833,high
9,Jaffna,40000,9.660668,80.022706,low
10,Agalawatta,12200,6.541499,80.155785,medium
10,Alubomulla,12524,6.711977,79.965857,high
10,Anguruwatota,12320,6.6383,80.0861,high
10,Atale,71363,6.45,80.2667,low
10,Baduraliya,12230,6.523102,80.232371,medium
10,Bandaragama,12530,6.710264,79.986087,high
10,Batugampola,10526,6.769068,80.142775,low
10,Bellana,12224,6.518936,80.183117,medium
10,Beruwala,12070,6.4739,79.9842,high
10,Bolossagama,12008,6.62099,80.015288,low
10,Bombuwala,12024,6.5833,80.0167,medium
10,Boralugoda,12142,6.438709,80.278799,high
10,Bulathsinhala,12300,6.666199,80.164896,low
10,Danawala Thiniyawala,12148,6.4333,80.2667,medium
10,Delmella,12304,6.67833,80.210488,high
10,Dharga Town,12090,6.648,80.0089,high
10,Diwalakada,12308,6.696767,80.146983,low
10,Dodangoda,12020,6.555952,80.006847,medium
10,Dombagoda,12416,6.661797,80.053343,high
10,Ethkandura,80458,6.4415,80.1807,low
10,Galpatha,12005,6.5983,80.0015,medium
10,Gamagoda,12016,6.597103,80.005539,high
10,Gonagalpura,80502,6.6307,80.0169,low
10,Gonapola Junction,12410,6.6944,80.0333,medium
10,Govinna,12310,6.663337,80.116274,high
10,Gurulubadda,12236,6.5333,80.2667,low
10,Halkandawila,12055,6.5167,80.0167,medium
10,Haltota,12538,6.69554,80.02127,high
10,Halvitigala Colony,80146,6.5791,80.2233,high
10,Halwala,12118,6.416524,80.106562,low
10,Halwatura,12306,6.7,80.2,medium
10,Handapangoda,10524,6.789746,80.140774,high
10,Hedigalla Colony,12234,6.5333,80.2667,low
10,Henegama,11715,6.7167,80.0333,medium
10,Hettimulla,71210,6.461362,79.992643,high
10,Horana,12400,6.719389,80.061557,low
10,Ittapana,12116,6.42254,80.079501,medium
10,Kahawala,10508,6.7833,80.1,high
10,Kalawila Kiranthidiya,12078,6.4619,80.0004,low
10,Kalutara,12000,6.581333,79.958546,medium
10,Kananwila,12418,6.7667,80.05,high
10,Kandanagama,12428,6.7667,80.0778,high
10,Kelinkanda,12218,6.587128,80.29322,low
10,Kitulgoda,12222,6.5167,80.1833,medium
10,Koholana,12007,6.618149,79.989353,high
10,Kuda Uduwa,12426,6.747871,80.078499,low
10,Labbala,60162,6.4833,80,medium
10,Ihalahewessa,80432,6.4415,80.1807,high
10,Induruwa,80510,6.4681,80.0257,low
10,Ingiriya,12440,6.7296,80.0604,medium
10,Maggona,12060,6.503158,79.977597,high
10,Mahagama,12210,6.620177,80.154204,low
10,Mahakalupahana,12126,6.3917,80.1417,medium
10,Maharangalla,71211,6.4667,80,high
10,Malgalla Talangalla,80144,6.5791,80.2233,high
10,Matugama,12100,6.5222,80.1144,low
10,Meegahatenna,12130,6.3637,80.285,medium
10,Meegama,12094,6.648,80.0089,high
10,Meegoda,10504,6.8053,80.0829,low
10,Millaniya,12412,6.686206,80.017227,medium
10,Millewa,12422,6.7833,80.0667,high
10,Miwanapalana,12424,6.75,80.1,low
10,Molkawa,12216,6.607725,80.238612,medium
10,Morapitiya,12232,6.527127,80.263667,high
10,Morontuduwa,12564,6.65,79.9667,low
10,Nawattuduwa,12106,6.5019,80.0937,medium
10,Neboda,12030,6.5906,80.0842,high
10,Padagoda,12074,6.456979,80.009049,low
10,Pahalahewessa,12144,6.4333,80.2667,medium
10,Paiyagala,12050,6.5167,80.0167,high
10,Panadura,12500,6.7133,79.9042,low
10,Pannala,60160,6.4833,80,medium
10,Paragastota,12414,6.6667,80,high
10,Paragoda,12302,6.627108,80.24112,low
10,Paraigama,12122,6.4167,80.1167,medium
10,Pelanda,12214,6.6056,80.2333,high
10,Pelawatta,12138,6.385227,80.207989,low
10,Pimbura,70472,6.570997,80.161311,medium
10,Pitagaldeniya,71360,6.45,80.2667,high
10,Pokunuwita,12404,6.7333,80.0333,high
10,Poruwedanda,12432,6.7333,80.1167,low
10,Ratmale,81030,6.45,80.2,medium
10,Remunagoda,12009,6.594994,80.031349,high
10,Talgaswela,80470,6.4415,80.1807,low
10,Tebuwana,12025,6.5944,80.0611,medium
10,Uduwara,12322,6.6167,80.0667,high
10,Utumgama,12127,6.3917,80.1417,low
10,Veyangalla,12204,6.5422,80.1583,medium
10,Wadduwa,12560,6.667121,79.924051,high
10,Walagedara,12112,6.437775,80.071449,low
10,Walallawita,12134,6.3667,80.2,medium
10,Waskaduwa,12580,6.6317,79.9442,high
10,Welipenna,12108,6.466448,80.101763,high
10,Weliveriya,11710,6.7167,80.0333,low
10,Welmilla Junction,12534,6.7072,80.01,medium
10,Weragala,71622,6.527062,80.004097,high
10,Yagirala,12124,6.378714,80.161812,low
10,Yatadolawatta,12104,6.52309,80.064428,medium
10,Yatawara Junction,12006,6.5983,80.0015,high
11,Aludeniya,20062,7.370491,80.46648,low
11,Ambagahapelessa,20986,7.243803,81.00264,medium
11,Ambagamuwa Udabulathgama,20678,7.0333,80.5,high
11,Ambatenna,20136,7.3472,80.6192,low
11,Ampitiya,20160,7.2667,80.65,medium
11,Ankumbura,20150,7.434149,80.568704,high
11,Atabage,20574,7.1333,80.6,high
11,Balana,20308,7.269032,80.485503,low
11,Bambaragahaela,20644,7.0523,80.5023,medium
11,Batagolladeniya,20154,7.41596,80.576688,high
11,Batugoda,20132,7.366275,80.59604,low
11,Batumulla,20966,7.256086,80.978905,medium
11,Bawlana,20218,7.211388,80.718828,high
11,Bopana,20932,7.3,80.9,low
11,Danture,20465,7.2833,80.5333,medium
11,Dedunupitiya,20068,7.3333,80.4333,high
11,Dekinda,20658,7.014688,80.509932,low
11,Deltota,20430,7.2,80.6667,medium
11,Divulankadawala,51428,7.175,80.55,high
11,Dolapihilla,20126,7.393576,80.584659,high
11,Dolosbage,20510,7.0806,80.4731,low
11,Dunuwila,20824,7.3833,80.6333,medium
11,Etulgama,20202,7.2333,80.65,high
11,Galaboda,20664,6.9875,80.5319,low
11,Galagedara,20100,7.369716,80.520308,medium
11,Galaha,20420,7.195764,80.668659,high
11,Galhinna,20152,7.418361,80.560015,low
11,Gampola,20500,7.1647,80.5767,medium
11,Gelioya,20620,7.2136,80.6017,high
11,Godamunna,20214,7.227313,80.697447,low
11,Gomagoda,20184,7.3167,80.7333,medium
11,Gonagantenna,20712,7.1517,80.7118,high
11,Gonawalapatana,20656,7.0358,80.5262,high
11,Gunnepana,20270,7.2696,80.6537,low
11,Gurudeniya,20189,7.265953,80.702921,medium
11,Hakmana,81300,7.334701,80.82402,high
11,Handaganawa,20984,7.277451,80.989485,low
11,Handawalapitiya,20438,7.2,80.6667,medium
11,Handessa,20480,7.230048,80.580831,high
11,Hanguranketha,20710,7.1517,80.7118,low
11,Harangalagama,20669,7.0271,80.5493,medium
11,Hataraliyadda,20060,7.3333,80.4667,high
11,Hindagala,20414,7.231512,80.600815,low
11,Hondiyadeniya,20524,7.1364,80.5766,medium
11,Hunnasgiriya,20948,7.298756,80.849834,high
11,Inguruwatta,60064,7.175038,80.599767,high
11,Jambugahapitiya,20822,7.3833,80.6333,low
11,Kadugannawa,20300,7.2536,80.5275,medium
11,Kahataliyadda,20924,7.376,80.8213,high
11,Kalugala,20926,7.390136,80.883008,low
11,Kandy,20000,7.2964,80.635,medium
11,Kapuliyadde,20206,7.2401,80.6808,high
11,Katugastota,20800,7.3161,80.6211,low
11,Katukitula,20588,7.1089,80.6339,medium
11,Kelanigama,20688,7.0049,80.5182,high
11,Kengalla,20186,7.296461,80.711767,low
11,Ketaboola,20660,7.0271,80.5493,medium
11,Ketakumbura,20306,7.210532,80.571678,high
11,Kobonila,20928,7.376,80.8213,low
11,Kolabissa,20212,7.225,80.7167,medium
11,Kolongoda,20971,7.3552,80.8375,high
11,Kulugammana,20048,7.315193,80.590268,low
11,Kumbukkandura,20902,7.2969,80.7686,medium
11,Kumburegama,20086,7.357279,80.551316,high
11,Kundasale,20168,7.2667,80.6833,low
11,Leemagahakotuwa,20482,7.2333,80.5833,medium
11,Ihala Kobbekaduwa,20042,7.3167,80.5833,high
11,Lunugama,11062,7.198402,80.578244,low
11,Lunuketiya Maditta,20172,7.3292,80.716,medium
11,Madawala Bazaar,20260,7.2696,80.6537,high
11,Madawalalanda,32016,7.3792,80.4982,high
11,Madugalla,20938,7.265802,80.882139,low
11,Madulkele,20840,7.400281,80.728874,medium
11,Mahadoraliyadda,20945,7.3,80.85,high
11,Mahamedagama,20216,7.225,80.7167,low
11,Mahanagapura,32018,7.3792,80.4982,medium
11,Mailapitiya,20702,7.1517,80.7118,high
11,Makkanigama,20828,7.3833,80.6333,low
11,Makuldeniya,20921,7.341706,80.777466,medium
11,Mangalagama,32069,7.285856,80.563656,high
11,Mapakanda,20662,7.007889,80.531101,low
11,Marassana,20210,7.221663,80.732336,medium
11,Marymount Colony,20714,7.1517,80.7118,high
11,Mawatura,20564,7.1,80.5667,high
11,Medamahanuwara,20940,7.3,80.85,low
11,Medawala Harispattuwa,20120,7.3417,80.6833,medium
11,Meetalawa,20512,7.0986,80.4699,high
11,Megoda Kalugamuwa,20409,7.2631,80.6028,low
11,Menikdiwela,20470,7.288455,80.501662,medium
11,Menikhinna,20170,7.3167,80.7,high
11,Mimure,20923,7.4333,80.8333,low
11,Minigamuwa,20109,7.3333,80.5167,medium
11,Minipe,20983,7.223556,80.990971,high
11,Moragahapallama,32012,7.3792,80.4982,low
11,Murutalawa,20232,7.3,80.5667,medium
11,Muruthagahamulla,20526,7.1364,80.5766,high
11,Nanuoya,22150,7.1171,80.6387,high
11,Naranpanawa,20176,7.339733,80.729831,low
11,Narawelpita,81302,7.3167,80.8,medium
11,Nawalapitiya,20650,7.05048,80.530631,high
11,Nawathispane,20670,7.0333,80.5,low
11,Nillambe,20418,7.15,80.6333,medium
11,Nugaliyadda,20204,7.2333,80.7,high
11,Ovilikanda,21020,7.45,80.5667,low
11,Pallekotuwa,20084,7.3333,80.5667,medium
11,Panwilatenna,20544,7.1556,80.6314,high
11,Paradeka,20578,7.12293,80.618959,low
11,Pasbage,20654,7.0358,80.5262,medium
11,Pattitalawa,20511,7.1167,80.4667,high
11,Peradeniya,20400,7.2631,80.6028,high
11,Pilimatalawa,20450,7.2333,80.5333,low
11,Poholiyadda,20106,7.343274,80.520186,medium
11,Pubbiliya,21502,7.385927,80.481336,high
11,Pupuressa,20546,7.115632,80.677455,low
11,Pussellawa,20580,7.112565,80.644101,medium
11,Putuhapuwa,20906,7.334198,80.759353,high
11,Rajawella,20180,7.280519,80.748217,low
11,Rambukpitiya,20676,7.0333,80.5,medium
11,Rambukwella,20128,7.294759,80.777664,high
11,Rangala,20922,7.344486,80.795047,low
11,Rantembe,20990,7.3552,80.8375,medium
11,Sangarajapura,20044,7.3167,80.5833,high
11,Senarathwela,20904,7.280125,80.761602,high
11,Talatuoya,20200,7.2536,80.6925,low
11,Teldeniya,20900,7.2969,80.7686,medium
11,Tennekumbura,20166,7.2833,80.6667,high
11,Uda Peradeniya,20404,7.249001,80.614072,low
11,Udahentenna,20506,7.0889,80.5189,medium
11,Udatalawinna,20802,7.3161,80.6211,high
11,Udispattuwa,20916,7.3552,80.8375,low
11,Ududumbara,20950,7.3552,80.8375,medium
11,Uduwahinna,20934,7.2833,80.8917,high
11,Uduwela,20164,7.2722,80.6667,low
11,Ulapane,20562,7.114072,80.552445,medium
11,Unuwinna,20708,7.1517,80.7118,high
11,Velamboda,20640,7.0523,80.5023,high
11,Watagoda,22110,7.39731,80.588304,low
11,Watagoda Harispattuwa,20134,7.3569,80.6012,medium
11,Wattappola,20454,7.234802,80.543661,high
11,Weligampola,20666,7.0271,80.5493,low
11,Wendaruwa,20914,7.3552,80.8375,medium
11,Weragantota,20982,7.3167,80.9833,high
11,Werapitya,20908,7.2969,80.7686,low
11,Werellagama,20080,7.3167,80.5833,medium
11,Wettawa,20108,7.3508,80.5221,high
11,Yahalatenna,20234,7.3,80.5667,low
11,Yatihalagala,20034,7.3,80.6,medium
12,Alawala,11122,7.197379,80.282779,high
12,Alawatura,71204,7.1333,80.3333,low
12,Alawwa,60280,7.2875,80.2536,medium
12,Algama,71607,7.158338,80.162939,high
12,Alutnuwara,71508,7.2333,80.4667,low
12,Ambalakanda,71546,7.134049,80.446804,medium
12,Ambulugala,71503,7.239127,80.409623,high
12,Amitirigala,71320,7.0306,80.1839,low
12,Ampagala,71232,7.080239,80.289037,medium
12,Anhandiya,60074,7.2667,80.2667,high
12,Anhettigama,71403,6.922121,80.371876,low
12,Aranayaka,71540,7.144705,80.461358,medium
12,Aruggammana,71041,7.117733,80.306712,high
12,Batuwita,71321,7.044339,80.179129,high
12,Beligala(Sab),71044,7.2167,80.2917,low
12,Belihuloya,70140,7.2667,80.2167,medium
12,Berannawa,71706,7.064482,80.405526,high
12,Bopitiya,60155,7.179761,80.205221,low
12,Bopitiya (SAB),71612,7.2583,80.2167,medium
12,Boralankada,71418,6.979656,80.330338,high
12,Bossella,71208,7.1333,80.4,low
12,Bulathkohupitiya,71230,7.105994,80.338761,medium
12,Damunupola,71034,7.187968,80.334456,high
12,Debathgama,71037,7.1833,80.3583,low
12,Dedugala,71237,7.093849,80.418959,medium
12,Deewala Pallegama,71022,7.2333,80.2667,high
12,Dehiowita,71400,6.9706,80.2675,high
12,Deldeniya,71009,7.280914,80.35876,low
12,Deloluwa,71401,6.9653,80.3181,medium
12,Deraniyagala,71430,6.932387,80.335039,high
12,Dewalegama,71050,7.278928,80.319135,low
12,Dewanagala,71527,7.2167,80.4667,medium
12,Dombemada,71115,7.37974,80.348761,high
12,Dorawaka,71601,7.1833,80.2167,low
12,Dunumala,71605,7.1738,80.2074,medium
12,Galapitamada,71603,7.14,80.2364,high
12,Galatara,71505,7.2167,80.4167,low
12,Galigamuwa Town,71350,7.2,80.3,medium
12,Gallella,70062,6.85,80.35,high
12,Galpatha(Sab),71312,7.05,80.2333,high
12,Gantuna,71222,7.1667,80.3667,low
12,Getahetta,70620,6.9128,80.2358,medium
12,Godagampola,70556,6.885959,80.313855,high
12,Gonagala,71318,7.035326,80.207373,low
12,Hakahinna,71352,7.2,80.3,medium
12,Hakbellawaka,71715,7.003952,80.328796,high
12,Halloluwa,20032,7.2,80.35,low
12,Hedunuwewa,22024,6.9306,80.2747,medium
12,Hemmatagama,71530,7.1667,80.5,high
12,Hewadiwela,71108,7.372493,80.377574,low
12,Hingula,71520,7.247803,80.469032,medium
12,Hinguralakanda,71417,6.91506,80.304394,high
12,Hingurana,32010,6.9167,80.4167,high
12,Hiriwadunna,71014,7.2833,80.3833,low
12,Ihala Walpola,80134,7.350958,80.397324,medium
12,Ihalagama,70144,7.2667,80.3333,high
12,Imbulana,71313,7.08264,80.245565,low
12,Imbulgasdeniya,71055,7.2853,80.3186,medium
12,Kabagamuwa,71202,7.136698,80.341558,high
12,Kahapathwala,60062,7.3,80.4583,low
12,Kandaketya,90020,7.2333,80.4667,medium
12,Kannattota,71372,7.081348,80.275311,high
12,Karagahinna,21014,7.3604,80.3832,low
12,Kegalle,71000,7.249349,80.351662,medium
12,Kehelpannala,71533,7.161131,80.519539,high
12,Ketawala Leula,20198,7.1167,80.35,high
12,Kitulgala,71720,6.9944,80.4114,low
12,Kondeniya,71501,7.2667,80.4333,medium
12,Kotiyakumbura,71370,7.0833,80.2667,high
12,Lewangama,71315,7.112902,80.239,low
12,Mahabage,71722,7.019803,80.450227,medium
12,Makehelwala,71507,7.282441,80.47528,high
12,Malalpola,71704,7.053091,80.351009,low
12,Maldeniya,22021,6.9306,80.2747,medium
12,Maliboda,71411,6.887528,80.464212,high
12,Maliyadda,90022,7.2333,80.4667,low
12,Malmaduwa,71325,7.15,80.2833,medium
12,Marapana,70041,7.2333,80.35,high
12,Mawanella,71500,7.244446,80.439045,high
12,Meetanwala,60066,7.3,80.4583,low
12,Migastenna Sabara,71716,7.0333,80.3333,medium
12,Miyanawita,71432,6.900423,80.351075,high
12,Molagoda,71016,7.25,80.3833,low
12,Morontota,71220,7.1667,80.3667,medium
12,Narangala,90064,7.07922,80.360764,high
12,Narangoda,60152,7.198165,80.294552,low
12,Nattarampotha,20194,7.1167,80.35,medium
12,Nelundeniya,71060,7.2319,80.2669,high
12,Niyadurupola,71602,7.1667,80.2167,low
12,Noori,71407,6.9508,80.3174,medium
12,Pannila,12114,6.866357,80.320996,high
12,Pattampitiya,71130,7.315516,80.434412,low
12,Pilawala,20196,7.1167,80.35,medium
12,Pothukoladeniya,71039,7.1833,80.3583,high
12,Puswelitenna,60072,7.3667,80.3667,low
12,Rambukkana,71100,7.323016,80.391856,medium
12,Rilpola,90026,7.2333,80.4667,high
12,Rukmale,11129,7.2,80.4833,low
12,Ruwanwella,71300,7.048852,80.2561,medium
12,Samanalawewa,70142,7.2667,80.2167,high
12,Seaforth Colony,71708,7.0469,80.3502,low
5,Colombo 2,200,6.926944,79.848611,medium
12,Spring Valley,90028,7.2333,80.4667,high
12,Talgaspitiya,71541,7.1667,80.4833,high
12,Teligama,71724,7.0033,80.3647,low
12,Tholangamuwa,71619,7.233983,80.225956,medium
12,Thotawella,71106,7.3555,80.3969,high
12,Udaha Hawupe,70154,7.05,80.2833,low
12,Udapotha,71236,7.09414,80.377416,medium
12,Uduwa,20052,7.110957,80.387557,high
12,Undugoda,71200,7.141866,80.365332,low
12,Ussapitiya,71510,7.216957,80.444573,medium
12,Wahakula,71303,7.058236,80.207402,high
12,Waharaka,71304,7.088513,80.198619,low
12,Wanaluwewa,11068,7.0667,80.175,medium
12,Warakapola,71600,7.230053,80.196768,high
12,Watura,71035,7.1833,80.3833,high
12,Weeoya,71702,7.0469,80.3502,low
12,Wegalla,71234,7.099631,80.30654,medium
12,Weligalla,20610,7.1833,80.2,high
12,Welihelatenna,71712,7.0333,80.3333,low
12,Wewelwatta,70066,6.85,80.35,medium
12,Yatagama,71116,7.32512,80.356415,high
12,Yatapana,71326,7.1333,80.3,low
12,Yatiyantota,71700,7.0242,80.3006,medium
12,Yattogoda,71029,7.2333,80.2667,high
13,Kandavalai,,9.4515585,80.5008173,low
13,Karachchi,,9.3769363,80.3766044,medium
13,Kilinochchi,,9.416667,80.416667,high
13,Pachchilaipalli,,9.6115808,80.3273106,high
13,Poonakary,,9.5035013,80.2111173,low
11,Akurana,20850,7.637034,80.023362,medium
14,Alahengama,60416,7.6779,80.1151,high
14,Alahitiyawa,60182,7.473913,80.171211,low
14,Ambakote,60036,7.492063,80.452844,medium
14,Ambanpola,60650,7.915973,80.237512,high
14,Andiyagala,50112,7.4667,80.1333,low
14,Anukkane,60214,7.501814,80.120028,medium
14,Aragoda,60308,7.366116,80.344207,high
14,Ataragalla,60706,7.9696,80.2768,low
14,Awulegama,60462,7.6569,80.2203,medium
14,Balalla,60604,7.791025,80.250762,high
14,Bamunukotuwa,60347,7.8667,80.2167,high
14,Bandara Koswatta,60424,7.603296,80.17257,low
14,Bingiriya,60450,7.605177,79.921996,medium
14,Bogamulla,60107,7.4589,80.2107,high
14,Boraluwewa,60437,7.682578,80.034757,low
14,Boyagane,60027,7.452272,80.341672,medium
14,Bujjomuwa,60291,7.4581,80.0603,high
14,Buluwala,60076,7.484201,80.473535,low
14,Dadayamtalawa,32046,7.65,79.9667,medium
14,Dambadeniya,60130,7.370527,80.146193,high
14,Daraluwa,60174,7.359407,79.978233,low
14,Deegalla,60228,7.510205,80.029797,medium
14,Demataluwa,60024,7.513976,80.258741,high
14,Demuwatha,70332,7.35,80.1667,high
14,Diddeniya,60544,7.685279,80.47286,low
14,Digannewa,60485,7.897218,80.101328,medium
14,Divullegoda,60472,7.75,80.2,high
14,Diyasenpura,51504,7.8167,80.1833,low
14,Dodangaslanda,60530,7.5667,80.5333,medium
14,Doluwa,20532,7.621516,80.418833,high
14,Doragamuwa,20816,7.5833,79.9333,low
14,Doratiyawa,60013,7.450628,80.380562,medium
14,Dunumadalawa,50214,7.8,80.0833,high
14,Dunuwilapitiya,21538,7.3667,80.2,low
14,Ehetuwewa,60716,7.927568,80.332035,medium
14,Elibichchiya,60156,7.313179,80.056935,high
14,Embogama,60718,7.9214,80.3608,high
14,Etungahakotuwa,60266,7.5167,79.9667,low
14,Galadivulwewa,50210,7.8,80.0833,medium
14,Galgamuwa,60700,7.995468,80.267527,high
14,Gallellagama,20095,7.3,80.15,low
14,Gallewa,60712,7.9667,80.3333,medium
14,Ganegoda,80440,7.5833,80,high
14,Girathalana,60752,7.9833,80.3833,low
14,Gokaralla,60522,7.6301,80.3775,medium
14,Gonawila,60170,7.3167,80,high
14,Halmillawewa,60441,7.5953,79.9972,low
14,Handungamuwa,21536,7.3667,80.2,medium
14,Harankahawa,20092,7.3,80.15,high
14,Helamada,71046,7.3167,80.2833,low
14,Hengamuwa,60414,7.703282,80.111254,medium
14,Hettipola,60430,7.605372,80.083137,high
14,Hewainna,10714,7.3333,80.2167,low
14,Hilogama,60486,7.75,80.0833,medium
14,Hindagolla,60034,7.4833,80.4167,high
14,Hiriyala Lenawa,60546,7.6709,80.4751,low
14,Hiruwalpola,60458,7.553915,79.924699,medium
14,Horambawa,60181,7.45,80.1833,high
14,Hulogedara,60474,7.7833,80.1833,low
14,Hulugalla,60477,7.79059,80.140007,medium
14,Ihala Gomugomuwa,60211,7.5167,80.0833,high
14,Ihala Katugampala,60135,7.3672,80.1467,high
14,Indulgodakanda,60016,7.422625,80.402808,low
14,Ithanawatta,60025,7.4458,80.3458,medium
14,Kadigawa,60492,7.7167,80,high
14,Kalankuttiya,50174,8.05,80.3833,low
14,Kalatuwawa,10718,7.6333,80.3667,medium
14,Kalugamuwa,60096,7.449717,80.256696,high
14,Kanadeniyawala,60054,7.43824,80.535658,low
14,Kanattewewa,60422,7.6167,80.2,medium
14,Kandegedara,90070,7.424611,80.071498,high
14,Karagahagedara,60106,7.475787,80.209967,low
14,Karambe,60602,7.805937,80.339167,medium
14,Katiyawa,50261,7.624637,80.553944,high
14,Katupota,60350,7.5331,80.1897,high
14,Kawudulla,51414,7.75,80.3833,low
14,Kawuduluwewa Stagell,51514,7.8167,80.1833,medium
14,Kekunagolla,60183,7.49608,80.170446,high
14,Keppitiwalana,60288,7.323203,80.190441,low
14,Kimbulwanaoya,60548,7.6709,80.4751,medium
14,Kirimetiyawa,60184,7.5247,80.1408,high
14,Kirindawa,60212,7.502078,80.096123,low
14,Kirindigalla,60502,7.554314,80.475005,medium
14,Kithalawa,60188,7.4816,80.1615,high
14,Kitulwala,11242,7.5,80.5333,low
14,Kobeigane,60410,7.656731,80.120999,medium
14,Kohilagedara,60028,7.4167,80.3667,high
14,Konwewa,60630,7.8,80.0667,high
14,Kosdeniya,60356,7.574081,80.138826,low
14,Kosgolla,60029,7.4,80.3833,medium
14,Kotagala,22080,7.45,80.2333,high
5,Colombo 13,1300,6.942778,79.858611,low
14,Kotawehera,60483,7.7911,80.1023,medium
14,Kudagalgamuwa,60003,7.558498,80.340333,high
14,Kudakatnoruwa,60754,7.9833,80.3833,low
14,Kuliyapitiya,60200,7.469551,80.04873,medium
14,Kumaragama,51412,7.75,80.3833,high
14,Kumbukgeta,60508,7.675,80.3667,low
14,Kumbukwewa,60506,7.797468,80.217857,medium
14,Kuratihena,60438,7.6,80.1333,high
14,Kurunegala,60000,7.4867,80.3647,high
14,Ibbagamuwa,60500,7.675,80.3667,low
14,Ihala Kadigamuwa,60238,7.5436,79.9819,medium
14,Lihiriyagama,61138,7.3447,79.9425,high
14,Illagolla,20724,7.4333,80.1333,low
14,Ilukhena,60232,7.5436,79.9819,medium
14,Lonahettiya,60108,7.4589,80.2107,high
14,Madahapola,60552,7.711952,80.499003,low
14,Madakumburumulla,60209,7.44599,79.994062,medium
14,Madalagama,70158,7.353398,80.314033,high
14,Madawala Ulpotha,21074,7.703,80.5051,low
14,Maduragoda,60532,7.5667,80.5333,medium
14,Maeliya,60512,7.734847,80.4079,high
14,Magulagama,60221,7.542895,80.090321,high
14,Maha Ambagaswewa,51518,7.8167,80.1833,low
14,Mahagalkadawala,60731,8.062861,80.28052,medium
14,Mahagirilla,60479,7.8333,80.1333,high
14,Mahamukalanyaya,60516,7.7417,80.4318,low
14,Mahananneriya,60724,8.013545,80.183367,medium
14,Mahapallegama,71063,7.366,80.0918,high
14,Maharachchimulla,60286,7.335989,80.212673,low
14,Mahatalakolawewa,51506,7.8167,80.1833,medium
14,Mahawewa,61220,7.5167,79.9167,high
14,Maho,60600,7.8228,80.2778,low
14,Makulewa,60714,7.998315,80.345072,medium
14,Makulpotha,60514,7.751748,80.43986,high
14,Makulwewa,60578,7.6333,80.05,high
14,Malagane,60404,7.65,80.2667,low
14,Mandapola,60434,7.63521,80.108641,medium
14,Maspotha,60344,7.8667,80.2167,high
14,Mawathagama,60060,7.409691,80.315775,low
14,Medirigiriya,51500,7.8167,80.1833,medium
14,Medivawa,60612,7.7678,80.2858,high
14,Meegalawa,60750,7.9833,80.3833,low
14,Meegaswewa,51508,7.8167,80.1833,medium
14,Meewellawa,60484,7.85,80.15,high
14,Melsiripura,60540,7.65,80.5,low
14,Metikumbura,60304,7.3615,80.3177,medium
14,Metiyagane,60121,7.390854,80.180612,high
14,Minhettiya,60004,7.581261,80.307757,low
14,Minuwangete,60406,7.7167,80.25,medium
14,Mirihanagama,60408,7.6542,80.2583,high
14,Monnekulama,60495,7.824042,80.060587,low
14,Moragane,60354,7.547791,80.130329,medium
14,Moragollagama,60640,7.6333,80.2167,high
14,Morathiha,60038,7.510701,80.488428,low
14,Munamaldeniya,60218,7.55,80.0667,medium
14,Muruthenge,60122,7.3942,80.1861,high
14,Mutugala,51064,7.3667,80.1667,low
14,Nabadewa,60482,7.6833,80.0667,medium
14,Nagollagama,60590,7.752013,80.309254,high
14,Nagollagoda,60226,7.563335,80.037807,high
14,Nakkawatta,60186,7.448259,80.141879,low
14,Narammala,60100,7.431387,80.206159,medium
14,Nawasenapura,51066,7.3667,80.1667,high
14,Nawatalwatta,60292,7.4581,80.0603,low
14,Nelliya,60549,7.690523,80.457947,medium
14,Nikaweratiya,60470,7.747585,80.115201,high
14,Nugagolla,21534,7.3667,80.2,low
14,Nugawela,20072,7.329999,80.220383,medium
14,Padeniya,60461,7.648348,80.222132,high
14,Padiwela,60236,7.545547,79.9905,low
14,Pahalagiribawa,60735,8.0833,80.2111,medium
14,Pahamune,60112,7.4833,80.2,high
14,Palagala,50111,7.4667,80.1333,high
14,Palapathwela,21070,7.9,80.2,low
14,Palaviya,61280,7.5785,79.9098,medium
14,Pallewela,11150,7.4667,79.9833,high
14,Palukadawala,60704,7.947895,80.279058,low
14,Panadaragama,60348,7.8667,80.2167,medium
14,Panagamuwa,60052,7.55,80.4667,high
14,Panaliya,60312,7.328059,80.331852,low
14,Panapitiya,70152,7.4167,80.1833,medium
14,Panliyadda,60558,7.7061,80.4964,high
14,Pansiyagama,60554,7.7061,80.4964,low
14,Parape,71105,7.3667,80.4167,medium
14,Pathanewatta,90071,7.4167,80.0833,high
14,Pattiya Watta,20118,7.3833,80.3167,high
14,Perakanatta,21532,7.3667,80.2,low
14,Periyakadneluwa,60518,7.7417,80.4318,medium
14,Pihimbiya Ratmale,60439,7.6299,80.0953,high
14,Pihimbuwa,60053,7.460742,80.512294,low
14,Pilessa,60058,7.45,80.4167,medium
14,Polgahawela,60300,7.332765,80.295285,high
14,Polgolla,20250,7.4167,80.5333,low
14,Polpithigama,60620,7.8142,80.4042,medium
14,Pothuhera,60330,7.4181,80.3317,high
14,Pothupitiya,70338,7.35542,80.17166,low
14,Pujapitiya,20112,7.3833,80.3167,medium
14,Rakwana,70300,7.9,80.4,high
14,Ranorawa,50212,7.8,80.0833,high
14,Rathukohodigala,20818,7.5833,79.9333,low
14,Ridibendiella,60606,7.802,80.287,medium
14,Ridigama,60040,7.55,80.4833,high
14,Saliya Asokapura,60736,8.0833,80.2111,low
14,Sandalankawa,60176,7.304619,79.944358,medium
14,Sevanapitiya,51062,7.3667,80.1667,high
14,Sirambiadiya,61312,8.1,80.2667,low
14,Sirisetagama,60478,7.7772,80.1506,medium
14,Siyambalangamuwa,60646,7.529179,80.340311,high
14,Siyambalawewa,32048,7.65,79.9667,low
14,Solepura,60737,8.153657,80.153384,medium
14,Solewewa,60738,8.145855,80.132596,high
14,Sunandapura,60436,7.6299,80.0953,high
14,Talawattegedara,60306,7.3833,80.3,low
14,Tambutta,60734,8.0833,80.2167,medium
14,Tennepanguwa,90072,7.4167,80.0833,high
14,Thalahitimulla,60208,7.432473,80.001954,low
14,Thalakolawewa,60624,7.796943,80.433851,medium
14,Thalwita,60572,7.5943,80.2108,high
14,Tharana Udawela,60227,7.5333,80.0667,low
14,Thimbiriyawa,60476,7.750904,80.140975,medium
14,Tisogama,60453,7.6065,79.9406,high
14,Thorayaya,60499,7.5167,80.4,low
14,Tulhiriya,71610,7.2833,80.2167,medium
14,Tuntota,71062,7.5,79.9167,high
14,Tuttiripitigama,60426,7.6,80.1333,high
14,Udagaldeniya,71113,7.3583,80.35,low
14,Udahingulwala,20094,7.3,80.15,medium
14,Udawatta,20722,7.4333,80.1333,high
14,Udubaddawa,60250,7.4828,79.9753,low
14,Udumulla,71521,7.45,80.4,medium
14,Uhumiya,60094,7.4667,80.2833,high
14,Ulpotha Pallekele,60622,7.8071,80.4188,low
14,Ulpothagama,20965,7.7167,80.3167,medium
14,Usgala Siyabmalangamuwa,60732,8.0833,80.2111,high
14,Vijithapura,50110,7.4667,80.1333,low
14,Wadakada,60318,7.39697,80.267596,medium
14,Wadumunnegedara,60204,7.4167,79.9667,high
14,Walakumburumulla,60198,7.4167,80.0167,low
14,Wannigama,60465,7.6569,80.2203,medium
14,Wannikudawewa,60721,7.9977,80.2964,high
14,Wannilhalagama,60722,7.9977,80.2964,low
14,Wannirasnayakapura,60490,7.6889,80.1556,medium
14,Warawewa,60739,8.121572,80.14855,high
14,Wariyapola,60400,7.628694,80.235989,low
14,Watareka,10511,7.397142,80.432878,medium
14,Wattegama,20810,7.5833,79.9333,high
14,Watuwatta,60262,7.5167,79.9167,low
14,Weerapokuna,60454,7.649426,79.981893,medium
14,Welawa Juncton,60464,7.6569,80.2203,high
14,Welipennagahamulla,60240,7.4581,80.0603,high
14,Wellagala,60402,7.6167,80.2833,low
14,Wellarawa,60456,7.5729,79.913974,medium
14,Wellawa,60570,7.566524,80.369189,high
14,Welpalla,60206,7.4333,80.05,low
14,Wennoruwa,60284,7.369467,80.219573,medium
14,Weuda,60080,7.4,80.1667,high
14,Wewagama,60195,7.42031,80.099835,low
14,Wilgamuwa,21530,7.3667,80.2,medium
14,Yakwila,60202,7.3833,80.0333,high
14,Yatigaloluwa,60314,7.328729,80.264509,low
15,Mannar,41000,8.9833,79.9,medium
15,Puthukudiyiruppu,30158,9.046951,79.853286,high
16,Akuramboda,21142,7.646383,80.600048,high
16,Alawatuwala,60047,7.55,80.5583,low
16,Alwatta,21004,7.449444,80.663358,medium
16,Ambana,21504,7.651007,80.693816,high
16,Aralaganwila,51100,7.696,80.5842,low
16,Ataragallewa,21512,7.5333,80.6067,medium
16,Bambaragaswewa,21212,7.784315,80.540511,high
16,Barawardhana Oya,20967,7.5667,80.625,low
16,Beligamuwa,21214,7.725882,80.552789,medium
16,Damana,32014,7.8417,80.5797,high
16,Dambulla,21100,7.868039,80.646464,low
16,Damminna,51106,7.696,80.5842,medium
16,Dankanda,21032,7.519616,80.694168,high
16,Delwite,60044,7.55,80.5583,high
16,Devagiriya,21552,7.5833,80.9667,low
16,Dewahuwa,21206,7.7589,80.5683,medium
16,Divuldamana,51104,7.696,80.5842,high
16,Dullewa,21054,7.511012,80.59862,low
16,Dunkolawatta,21046,7.4917,80.625,medium
16,Elkaduwa,21012,7.410706,80.693258,high
16,Erawula Junction,21108,7.8633,80.6842,low
16,Etanawala,21402,7.5217,80.6847,medium
16,Galewela,21200,7.759807,80.56744,high
16,Galoya Junction,51375,7.696,80.5842,low
16,Gammaduwa,21068,7.581654,80.698521,medium
16,Gangala Puwakpitiya,21404,7.5217,80.6847,high
16,Hasalaka,20960,7.5667,80.625,high
16,Hattota Amuna,21514,7.5333,80.6067,low
16,Imbulgolla,21064,7.575027,80.663159,medium
16,Inamaluwa,21124,7.951344,80.690187,high
16,Iriyagolla,60045,7.55,80.6333,low
16,Kaikawala,21066,7.507177,80.659444,medium
16,Kalundawa,21112,7.8,80.7167,high
16,Kandalama,21106,7.887403,80.703507,low
16,Kavudupelella,21072,7.5914,80.6258,medium
16,Kibissa,21122,7.9397,80.7278,high
16,Kiwula,21042,7.4917,80.625,low
16,Kongahawela,21500,7.679932,80.706607,medium
16,Laggala Pallegama,21520,7.5333,80.6067,high
16,Leliambe,21008,7.4346,80.6519,high
16,Lenadora,21094,7.753507,80.660161,low
16,Ihala Halmillewa,50262,7.8667,80.6417,medium
16,Illukkumbura,21406,7.5217,80.6847,high
16,Madipola,51108,7.696,80.5842,low
16,Mahawela,21140,7.581804,80.607485,medium
16,Mananwatta,21144,7.685106,80.601107,high
16,Maraka,21554,7.586801,80.962009,low
16,Matale,21000,7.4717,80.6244,medium
16,Melipitiya,21055,7.5458,80.5833,high
16,Metihakka,21062,7.536495,80.654081,low
16,Millawana,21154,7.6503,80.5772,medium
16,Muwandeniya,21044,7.461452,80.660098,high
16,Nalanda,21082,7.662487,80.635004,high
16,Naula,21090,7.708132,80.652321,low
16,Opalgala,21076,7.619927,80.698338,medium
16,Pallepola,21152,7.620686,80.600466,high
16,Pimburattewa,51102,7.696,80.5842,low
16,Pulastigama,51050,7.67,80.565,medium
16,Ranamuregama,21524,7.5333,80.6067,high
16,Rattota,21400,7.5217,80.6847,low
16,Selagama,21058,7.594457,80.58381,medium
16,Sigiriya,21120,7.954968,80.755205,high
16,Sinhagama,51378,7.696,80.5842,low
16,Sungavila,51052,7.67,80.565,medium
16,Talagoda Junction,21506,7.5722,80.6222,high
16,Talakiriyagama,21116,7.8206,80.6172,low
16,Tamankaduwa,51089,7.67,80.565,medium
16,Udasgiriya,21051,7.535254,80.570342,high
16,Udatenna,21006,7.4167,80.65,low
16,Ukuwela,21300,7.423917,80.62996,medium
16,Wahacotte,21160,7.7142,80.5972,high
16,Walawela,21048,7.520365,80.597403,low
16,Wehigala,21009,7.409019,80.669112,medium
16,Welangahawatte,21408,7.5217,80.6847,high
16,Wewalawewa,21114,7.8103,80.6669,low
16,Yatawatta,21056,7.562698,80.578361,medium
17,Akuressa,81400,6.0964,80.4808,high
17,Alapaladeniya,81475,6.2833,80.45,high
17,Aparekka,81032,6.008083,80.621556,low
17,Athuraliya,81402,6.069724,80.497879,medium
17,Bengamuwa,81614,6.253417,80.59808,high
17,Bopagoda,81412,6.1561,80.4903,low
17,Dampahala,81612,6.259631,80.633081,medium
17,Deegala Lenama,81452,6.2333,80.45,high
17,Deiyandara,81320,6.152388,80.604696,low
17,Denagama,81314,6.11481,80.642749,medium
17,Denipitiya,81730,5.9667,80.45,high
17,Deniyaya,81500,6.339732,80.548055,low
17,Derangala,81454,6.229572,80.445492,medium
17,Devinuwara (Dondra),81160,5.9319,80.6069,high
17,Dikwella,81200,5.9667,80.6833,high
17,Diyagaha,81038,5.9833,80.5667,low
17,Diyalape,81422,6.121802,80.447911,medium
17,Gandara,81170,5.933629,80.61575,high
17,Godapitiya,81408,6.121801,80.480996,low
17,Gomilamawarala,81072,6.1833,80.5667,medium
17,Hawpe,80132,6.129973,80.489743,high
17,Horapawita,81108,6.1167,80.5833,low
17,Kalubowitiyana,81478,6.3167,80.4,medium
17,Kamburugamuwa,81750,5.940612,80.496449,high
17,Kamburupitiya,81100,6.069847,80.56473,low
17,Karagoda Uyangoda,81082,6.0715,80.5193,medium
17,Karaputugala,81106,6.07377,80.603484,high
17,Karatota,81318,6.0667,80.6667,high
17,Kekanadura,81020,6.0715,80.5193,low
17,Kiriweldola,81514,6.372272,80.533507,medium
17,Kiriwelkele,81456,6.249957,80.451047,high
17,Kolawenigama,81522,6.321671,80.500227,low
17,Kotapola,81480,6.292393,80.533957,medium
17,Lankagama,81526,6.35,80.4667,high
17,Makandura,81070,6.137036,80.571982,low
17,Maliduwa,81424,6.1333,80.4167,medium
17,Maramba,81416,6.1614,80.5035,high
17,Matara,81000,5.9486,80.5428,low
17,Mediripitiya,81524,6.35,80.4667,medium
17,Miella,81312,6.1167,80.6833,high
17,Mirissa,81740,5.94679,80.452288,high
17,Morawaka,81470,6.25,80.4833,low
17,Mulatiyana Junction,81071,6.1833,80.5667,medium
17,Nadugala,81092,5.975464,80.548935,high
17,Naimana,81017,6.0715,80.5193,low
17,Palatuwa,81050,5.984516,80.518656,medium
17,Parapamulla,81322,6.150219,80.61675,high
17,Pasgoda,81615,6.242998,80.616175,low
17,Penetiyana,81722,6.034813,80.450626,medium
17,Pitabeddara,81450,6.2167,80.45,high
17,Puhulwella,81290,6.045752,80.619203,low
17,Radawela,81316,6.124672,80.60726,medium
17,Ransegoda,81064,6.0715,80.5193,high
17,Rotumba,81074,6.229142,80.571151,high
17,Sultanagoda,81051,5.9667,80.5,low
17,Telijjawila,81060,6.0715,80.5193,medium
17,Thihagoda,81280,6.011602,80.561851,high
17,Urubokka,81600,6.302863,80.631175,low
17,Urugamuwa,81230,6.0116,80.6437,medium
17,Urumutta,81414,6.150181,80.519582,high
17,Viharahena,81508,6.379073,80.598006,low
17,Walakanda,81294,6.01655,80.649889,medium
17,Walasgala,81220,5.981913,80.693678,high
17,Waralla,81479,6.277439,80.522519,low
17,Weligama,81700,5.9667,80.4167,medium
17,Wilpita,81404,6.1,80.5167,high
17,Yatiyana,81034,6.028888,80.603158,high
18,Ayiwela,91516,7.1,81.2333,low
18,Badalkumbura,91070,6.893287,81.234346,medium
18,Baduluwela,91058,7.11307,81.435299,high
18,Bakinigahawela,91554,6.9333,81.2833,low
18,Balaharuwa,91295,6.520177,81.058519,medium
18,Bibile,91500,7.1667,81.2167,high
18,Buddama,91038,7.046413,81.486844,low
18,Buttala,91100,6.75,81.2333,high
18,Dambagalla,91050,6.955743,81.375946,low
18,Diyakobala,91514,7.1056,81.2222,medium
18,Dombagahawela,91010,6.898197,81.441375,high
18,Ethimalewewa,91020,6.9216,81.3833,low
18,Ettiliwewa,91250,6.73,81.12,medium
18,Galabedda,91008,6.9167,81.3833,high
18,Gamewela,90512,6.9167,81.2,low
18,Hambegamuwa,91308,6.503718,80.874695,medium
18,Hingurukaduwa,90508,6.817257,81.153429,high
18,Hulandawa,91004,6.868479,81.333215,low
18,Inginiyagala,91040,7.198617,81.494496,medium
18,Kandaudapanguwa,91032,6.9667,81.5167,high
18,Kandawinna,91552,6.9333,81.2833,high
18,Kataragama,91400,6.4167,81.3333,low
18,Kotagama,91512,7.116448,81.17788,medium
18,Kotamuduna,90506,6.892542,81.177651,high
18,Kotawehera Mankada,91312,6.4636,81.053,low
18,Kudawewa,61226,6.4167,81.0333,medium
18,Kumbukkana,91098,6.814795,81.274913,high
18,Marawa,91006,6.805944,81.381458,low
18,Mariarawa,91052,6.975969,81.481047,medium
18,Medagana,91550,6.9333,81.2833,high
18,Medawelagama,90518,6.9167,81.2,low
18,Miyanakandura,90584,6.869169,81.152967,medium
18,Monaragala,91000,6.8667,81.35,high
18,Moretuwegama,91108,6.75,81.2333,high
18,Nakkala,91003,6.887816,81.306082,low
18,Namunukula,90580,6.8667,81.1167,medium
18,Nannapurawa,91519,7.0833,81.25,high
18,Nelliyadda,91042,7.389929,81.408141,low
18,Nilgala,91508,7.215945,81.312806,medium
18,Obbegoda,91007,6.8786,81.3476,high
18,Okkampitiya,91060,6.753201,81.29752,low
18,Pangura,91002,6.9833,81.3167,medium
18,Pitakumbura,91505,7.191575,81.27524,high
18,Randeniya,91204,6.803474,81.1119,low
18,Ruwalwela,91056,7.017476,81.386203,medium
18,Sella Kataragama,91405,6.4167,81.3333,high
18,Siyambalagune,91202,6.8,81.1333,high
18,Siyambalanduwa,91030,6.910581,81.552112,low
18,Suriara,91306,6.4636,81.053,medium
18,Thanamalwila,91300,6.4333,81.1333,high
18,Uva Gangodagama,91054,7.0056,81.4222,low
18,Uva Kudaoya,91298,6.75,81.2,medium
18,Uva Pelwatta,91112,6.75,81.2333,high
18,Warunagama,91198,6.75,81.2333,low
18,Wedikumbura,91005,6.8333,81.3833,medium
18,Weherayaya Handapanagala,91206,6.7778,81.1167,high
18,Wellawaya,91200,6.719458,81.106295,low
18,Wilaoya,91022,6.9216,81.3833,medium
18,Yudaganawa,51424,6.776882,81.229725,high
19,Mullativu,42000,9.266667,80.816667,high
20,Agarapathana,22094,6.824224,80.709671,low
20,Ambatalawa,20686,7.05,80.6667,medium
20,Ambewela,22216,6.899935,80.783603,high
20,Bogawantalawa,22060,6.8,80.6833,low
20,Bopattalawa,22095,6.9011,80.6694,medium
20,Dagampitiya,20684,6.977604,80.466144,high
20,Dayagama Bazaar,22096,6.9011,80.6694,low
20,Dikoya,22050,6.8786,80.6272,medium
20,Doragala,20567,7.0731,80.5892,high
20,Dunukedeniya,22002,6.982643,80.632911,low
20,Egodawela,90013,7.024081,80.662636,medium
20,Ekiriya,20732,7.148834,80.757167,high
20,Elamulla,20742,7.0833,80.8,high
20,Ginigathena,20680,6.9864,80.4894,low
20,Gonakele,22226,6.9917,80.8194,medium
20,Haggala,22208,6.9697,80.77,high
20,Halgranoya,22240,7.0417,80.8917,low
20,Hangarapitiya,22044,6.932637,80.464959,medium
20,Hapugasthalawa,20668,7.0667,80.5667,high
20,Harasbedda,22262,7.04738,80.876477,low
20,Hatton,22000,6.899356,80.599855,medium
20,Hewaheta,20440,7.1108,80.7547,high
20,Hitigegama,22046,6.947521,80.457154,low
20,Jangulla,90063,7.0333,80.8917,medium
20,Kalaganwatta,22282,7.104232,80.902715,high
20,Kandapola,22220,6.981495,80.802798,high
20,Karandagolla,20738,7.057024,80.899844,low
20,Keerthi Bandarapura,22274,7.1108,80.8581,medium
20,Kiribathkumbura,20442,7.1108,80.7547,high
20,Kotiyagala,91024,6.784171,80.68557,low
20,Kotmale,20560,7.0214,80.5942,medium
20,Kottellena,22040,6.893287,80.50215,high
20,Kumbalgamuwa,22272,7.109883,80.853852,low
20,Kumbukwela,22246,7.055729,80.887479,medium
20,Kurupanawela,22252,7.01894,80.920981,high
20,Labukele,20592,7.0442,80.6919,low
20,Laxapana,22034,6.8952,80.5088,medium
20,Lindula,22090,6.920326,80.684129,high
20,Madulla,22256,7.047667,80.918204,low
20,Mandaram Nuwara,20744,7.0833,80.8,medium
20,Maskeliya,22070,6.831379,80.568585,high
20,Maswela,20566,7.072503,80.6439,low
20,Maturata,20748,7.0833,80.8,medium
20,Mipanawa,22254,7.0333,80.9167,high
20,Mipilimana,22214,6.8667,80.8167,low
20,Morahenagama,22036,6.942625,80.478482,medium
20,Munwatta,20752,7.11534,80.809403,high
20,Nayapana Janapadaya,20568,7.0731,80.5892,low
20,Nildandahinna,22280,7.0833,80.8833,medium
20,Nissanka Uyana,22075,6.8358,80.5703,high
20,Norwood,22058,6.835736,80.602181,high
20,Nuwara Eliya,22200,6.9697,80.77,low
20,Padiyapelella,20750,7.092506,80.798544,medium
20,Pallebowala,20734,7.1151,80.8108,high
20,Panvila,20830,7.0667,80.6833,low
20,Pitawala,20682,6.998608,80.452257,medium
20,Pundaluoya,22120,7.018255,80.676081,high
20,Ramboda,20590,7.060427,80.69534,low
20,Rikillagaskada,20730,7.145849,80.78095,medium
20,Rozella,22008,6.9306,80.5531,high
20,Rupaha,22245,7.0333,80.9,low
20,Ruwaneliya,22212,6.93721,80.772258,medium
20,Santhipura,22202,6.9697,80.77,high
20,Talawakele,22100,6.9367,80.6611,high
20,Tawalantenna,20838,7.0667,80.6833,low
20,Teripeha,22287,7.1189,80.9244,medium
20,Udamadura,22285,7.094106,80.914817,high
20,Udapussallawa,22250,7.0333,80.9111,low
20,Uva Deegalla,90062,7.0333,80.8917,medium
20,Uva Uduwara,90061,7.0333,80.8917,high
20,Uvaparanagama,90230,6.8832,80.7912,low
20,Walapane,22270,7.091924,80.860522,medium
20,Watawala,22010,6.951339,80.533199,high
20,Widulipura,22032,6.8952,80.5088,low
20,Wijebahukanda,22018,7.0167,80.6167,medium
21,Attanakadawala,51235,7.903734,80.828104,high
21,Bakamuna,51250,7.7833,80.8167,high
21,Diyabeduma,51225,7.89851,80.898332,low
21,Elahera,51258,7.7244,80.7883,medium
21,Giritale,51026,7.9833,80.9333,high
21,Hingurakdamana,51408,8.055896,81.011875,low
21,Hingurakgoda,51400,8.036505,80.948686,medium
21,Jayanthipura,51024,8,81,high
21,Kalingaela,51002,7.9583,81.0417,low
21,Lakshauyana,51006,7.9583,81.0417,medium
21,Mankemi,30442,7.9833,81.25,high
21,Minneriya,51410,8.036343,80.903215,low
21,Onegama,51004,7.992203,81.090758,medium
21,Orubendi Siyambalawa,51256,7.751972,80.812093,high
21,Palugasdamana,51046,8.0167,81.0833,high
21,Panichankemi,30444,7.9833,81.25,low
21,Polonnaruwa,51000,7.940295,81.007138,medium
21,Talpotha,51044,8.0167,81.0833,high
21,Tambala,51049,8.0167,81.0833,low
21,Unagalavehera,51008,8.001006,80.995549,medium
21,Wijayabapura,51042,8.0167,81.0833,high
22,Adippala,61012,7.5833,79.8417,low
22,Alutgama,12080,7.7667,79.9333,medium
22,Alutwewa,51014,7.8667,79.95,high
22,Ambakandawila,61024,7.5333,79.8,low
22,Anamaduwa,61500,7.881625,80.00353,medium
22,Andigama,61508,7.7775,79.9528,high
22,Angunawila,61264,7.7667,79.85,high
22,Attawilluwa,61328,7.4167,79.8833,low
22,Bangadeniya,61238,7.619471,79.809055,medium
22,Baranankattuwa,61262,7.803253,79.872624,high
22,Battuluoya,61246,7.734655,79.817455,low
22,Bujjampola,61136,7.3333,79.9,medium
22,Chilaw,61000,7.5758,79.7953,high
22,Dalukana,51092,7.3167,79.85,low
22,Dankotuwa,61130,7.300443,79.88505,medium
22,Dewagala,51094,7.3167,79.85,high
22,Dummalasuriya,60260,7.4833,79.9,low
22,Dunkannawa,61192,7.4167,79.9,medium
22,Eluwankulama,61308,8.332832,79.859928,high
22,Ettale,61343,8.097416,79.717306,high
22,Galamuna,51416,7.464661,79.872371,low
22,Galmuruwa,61233,7.501718,79.895774,medium
22,Hansayapalama,51098,7.3167,79.85,high
22,Ihala Kottaramulla,61154,7.383069,79.871755,low
22,Ilippadeniya,61018,7.567036,79.826233,medium
22,Inginimitiya,61514,7.964099,80.112055,high
22,Ismailpuram,61302,8.0333,79.8167,low
22,Jayasiripura,51246,7.6333,79.8167,medium
22,Kakkapalliya,61236,7.5333,79.8267,high
22,Kalkudah,30410,8.1167,79.7167,low
22,Kalladiya,61534,7.95,79.9333,medium
22,Kandakuliya,61358,7.98,79.9569,high
22,Karathivu,61307,8.192511,79.832662,low
22,Karawitagara,61022,7.572417,79.86173,medium
22,Karuwalagaswewa,61314,8.037625,79.94267,high
22,Katuneriya,61180,7.3667,79.8333,low
22,Koswatta,61158,7.3667,79.9,medium
22,Kottantivu,61252,7.85,79.7833,high
22,Kottapitiya,51244,7.63568,79.815394,low
22,Kottukachchiya,61532,7.938617,79.954577,medium
22,Kumarakattuwa,61032,7.661964,79.886873,high
22,Kurinjanpitiya,61356,7.98,79.9569,low
22,Kuruketiyawa,61516,8.0167,80.05,medium
22,Lunuwila,61150,7.350819,79.85725,high
22,Madampe,61230,7.5,79.8333,high
22,Madurankuliya,61270,7.896391,79.836449,low
22,Mahakumbukkadawala,61272,7.85,79.9,medium
22,Mahauswewa,61512,7.9575,80.0683,high
22,Mampitiya,51090,7.3167,79.85,low
22,Mampuri,61341,7.9964,79.7411,medium
22,Mangalaeliya,61266,7.775,79.85,high
22,Marawila,61210,7.4094,79.8322,low
22,Mudalakkuliya,61506,7.799533,79.977428,medium
22,Mugunuwatawana,61014,7.58487,79.854684,high
22,Mukkutoduwawa,61274,7.928236,79.75648,low
22,Mundel,61250,7.7958,79.8283,medium
22,Muttibendiwila,61195,7.45,79.8833,high
22,Nainamadama,61120,7.3714,79.8837,high
22,Nalladarankattuwa,61244,7.689152,79.844243,low
22,Nattandiya,61190,7.4086,79.8683,medium
22,Nawagattegama,61520,8,80.1167,high
22,Nelumwewa,51096,7.3167,79.85,low
22,Norachcholai,61342,7.9964,79.7411,medium
22,Pallama,61040,7.681225,79.918239,high
22,Palliwasalturai,61354,7.98,79.9569,low
22,Panirendawa,61234,7.542426,79.886377,medium
22,Parakramasamudraya,51016,7.8667,79.95,high
22,Pothuwatawana,61162,7.4833,79.9,low
22,Puttalam,61300,8.043613,79.841209,medium
22,Puttalam Cement Factory,61326,7.4167,79.8833,high
22,Rajakadaluwa,61242,7.650515,79.828283,high
22,Saliyawewa Junction,61324,7.4167,79.8833,low
22,Serukele,61042,7.7333,79.9167,medium
22,Siyambalagashene,61504,7.8239,79.978,high
22,Tabbowa,61322,7.4167,79.8833,low
22,Talawila Church,61344,7.9964,79.7411,medium
22,Toduwawa,61224,7.4861,79.8022,high
22,Udappuwa,61004,7.5758,79.7953,low
22,Uridyawa,61502,7.8239,79.978,medium
22,Vanathawilluwa,61306,8.17001,79.8461,high
22,Waikkal,61110,7.2833,79.85,low
22,Watugahamulla,61198,7.4667,79.9,medium
22,Wennappuwa,61170,7.35048,79.850112,high
22,Wijeyakatupotha,61006,7.5758,79.7953,high
22,Wilpotha,61008,7.5758,79.7953,low
22,Yodaela,51422,7.5833,79.8667,medium
22,Yogiyana,61144,7.286035,79.924213,high
23,Akarella,70082,6.59053,80.644197,low
23,Amunumulla,90204,6.7333,80.75,medium
23,Atakalanpanna,70294,6.5333,80.6,high
23,Ayagama,70024,6.63662,80.317329,low
23,Balangoda,70100,6.661743,80.69371,medium
23,Batatota,70504,6.8333,80.3667,high
23,Beralapanathara,81541,6.4521,80.4894,low
23,Bogahakumbura,90354,6.6833,80.7667,medium
23,Bolthumbe,70131,6.739114,80.664956,high
23,Bomluwageaina,70344,6.4,80.6333,high
23,Bowalagama,82458,6.3917,80.6833,low
23,Bulutota,70346,6.4333,80.65,medium
23,Dambuluwana,70019,6.7167,80.3333,high
23,Daugala,70455,6.4901,80.4248,low
23,Dela,70042,6.6258,80.4486,medium
23,Delwala,70046,6.513055,80.473993,high
23,Dodampe,70017,6.73603,80.301105,low
23,Doloswalakanda,70404,6.55133,80.470258,medium
23,Dumbara Manana,70495,6.680322,80.247485,high
23,Eheliyagoda,70600,6.85,80.2667,low
23,Ekamutugama,70254,6.3406,80.7804,medium
23,Elapatha,70032,6.66081,80.366828,high
23,Ellagawa,70492,6.5687,80.363,high
23,Ellaulla,70552,6.8583,80.3083,low
23,Ellawala,70606,6.809945,80.259547,medium
23,Embilipitiya,70200,6.3439,80.8489,high
23,Eratna,70506,6.7986,80.3784,low
23,Erepola,70602,6.804277,80.242773,medium
23,Gabbela,70156,6.7167,80.35,high
23,Gangeyaya,70195,6.7516,80.5927,low
23,Gawaragiriya,70026,6.6422,80.2667,medium
23,Gillimale,70002,6.729,80.4415,high
23,Godakawela,70160,6.505599,80.647268,low
23,Gurubewilagama,70136,6.7,80.5667,medium
23,Halwinna,70171,6.6833,80.7167,high
23,Handagiriya,70106,6.562839,80.780347,low
23,Hatangala,70105,6.532527,80.739407,medium
23,Hatarabage,70108,6.65,80.75,high
23,Hewanakumbura,90358,6.6833,80.7667,low
23,Hidellana,70012,6.7192,80.3842,medium
23,Hiramadagama,70296,6.533544,80.60045,high
23,Horewelagoda,82456,6.3917,80.6833,low
23,Ittakanda,70342,6.403532,80.636458,medium
23,Kahangama,70016,6.704217,80.362927,high
23,Kahawatta,70150,6.708145,80.303805,low
23,Kalawana,70450,6.531595,80.407285,medium
23,Kaltota,70122,6.6833,80.6833,high
23,Kalubululanda,90352,6.6833,80.7667,high
23,Kananke Bazaar,80136,6.7361,80.4354,low
23,Kandepuhulpola,90356,6.6833,80.7667,medium
23,Karandana,70488,6.77254,80.206883,high
23,Karangoda,70018,6.677224,80.368723,low
23,Kella Junction,70352,6.4,80.6833,medium
23,Keppetipola,90350,6.6833,80.7667,high
23,Kiriella,70480,6.753583,80.265838,low
23,Kiriibbanwewa,70252,6.3406,80.7804,medium
23,Kolambage Ara,70180,6.7516,80.5927,high
23,Kolombugama,70403,6.5667,80.4833,low
23,Kolonna,70350,6.404095,80.681552,medium
23,Kudawa,70005,6.757336,80.504485,high
23,Kuruwita,70500,6.7792,80.3686,high
23,Lellopitiya,70056,6.655172,80.471348,low
23,Imaduwa,80130,6.7361,80.4354,medium
23,Imbulpe,70134,6.7159,80.6375,high
23,Mahagama Colony,70256,6.3406,80.7804,low
23,Mahawalatenna,70112,6.5833,80.75,medium
23,Makandura,70298,6.5333,80.6,high
23,Malwala Junction,70001,6.7,80.4333,low
23,Malwatta,32198,6.65,80.4167,medium
23,Matuwagalagama,70482,6.7667,80.2333,high
23,Medagalature,70021,6.6414,80.2882,low
23,Meddekanda,70127,6.6833,80.6833,medium
23,Minipura Dumbara,70494,6.5687,80.363,high
23,Mitipola,70604,6.836923,80.221949,high
23,Moragala Kirillapone,81532,6.8333,80.3,low
23,Morahela,70129,6.679967,80.691531,medium
23,Mulendiyawala,70212,6.291657,80.760239,high
23,Mulgama,70117,6.645942,80.817832,low
23,Nawalakanda,70469,6.5167,80.3333,medium
23,Nawinnapinnakanda,70165,6.7168,80.4999,high
23,Niralagama,70038,6.65,80.3667,low
23,Nivitigala,70400,6.6,80.4553,medium
23,Omalpe,70215,6.327391,80.694691,high
23,Opanayaka,70080,6.608359,80.625134,low
23,Padalangala,70230,6.244961,80.916029,medium
23,Pallebedda,70170,6.45,80.7333,high
23,Pallekanda,82454,6.6333,80.6667,high
23,Pambagolla,70133,6.7333,80.6833,low
23,Panamura,70218,6.351417,80.776404,medium
23,Panapola,70461,6.425337,80.445421,high
23,Paragala,81474,6.601317,80.343575,low
23,Parakaduwa,70550,6.825482,80.299049,medium
23,Pebotuwa,70045,6.540192,80.452191,high
23,Pelmadulla,70070,6.620071,80.542243,low
23,Pinnawala,70130,6.731251,80.672146,medium
23,Pothdeniya,81538,6.8333,80.3,high
23,Rajawaka,70116,6.609347,80.797987,low
23,Ranwala,70162,6.553121,80.665495,medium
23,Rassagala,70135,6.695227,80.617304,high
23,Rathgama,80260,6.7333,80.4833,high
23,Ratna Hangamuwa,70036,6.65,80.3667,low
23,Ratnapura,70000,6.677603,80.405592,medium
23,Sewanagala,70250,6.3406,80.7804,high
23,Sri Palabaddala,70004,6.800198,80.476202,low
23,Sudagala,70502,6.7833,80.4,medium
23,Thalakolahinna,70101,6.5844,80.7332,high
23,Thanjantenna,70118,6.6361,80.8536,low
23,Theppanawa,70512,6.75,80.3167,medium
23,Thunkama,70205,6.2833,80.8833,high
23,Udakarawita,70044,6.7317,80.4287,low
23,Udaniriella,70034,6.65,80.3667,medium
23,Udawalawe,70190,6.7516,80.5927,high
23,Ullinduwawa,70345,6.367322,80.631196,high
23,Veddagala,70459,6.45,80.4333,low
23,Vijeriya,70348,6.4,80.6333,medium
23,Waleboda,70138,6.726367,80.64106,high
23,Watapotha,70408,6.577958,80.510709,low
23,Waturawa,70456,6.4833,80.4333,medium
23,Weligepola,70104,6.567212,80.707078,high
23,Welipathayaya,70124,6.6833,80.6833,low
23,Wikiliya,70114,6.6203,80.7467,medium
24,Agbopura,31304,8.330575,80.97191,high
24,Buckmigama,31028,8.6667,80.95,low
24,China Bay,31050,8.561664,81.187386,medium
24,Dehiwatte,31226,8.4458,81.2875,high
24,Echchilampattai,31236,8.4458,81.2875,low
24,Galmetiyawa,31318,8.3683,81.0281,medium
24,Gomarankadawala,31026,8.677731,80.960417,high
24,Kaddaiparichchan,31212,8.459198,81.278164,low
24,Kallar,30250,8.2833,81.2667,medium
24,Kanniya,31032,8.6333,81.0167,high
24,Kantalai,31300,8.365483,80.966897,low
24,Kantalai Sugar Factory,31306,8.3683,81.0281,medium
24,Kiliveddy,31220,8.354092,81.275605,high
24,Kinniya,31100,8.497717,81.179214,low
24,Kuchchaveli,31014,8.792709,81.036113,medium
24,Kumburupiddy,31012,8.7333,81.15,high
24,Kurinchakeny,31112,8.4989,81.1897,high
24,Lankapatuna,31234,8.4458,81.2875,low
24,Mahadivulwewa,31036,8.613863,80.9518,medium
24,Maharugiramam,31106,8.4989,81.1897,high
24,Mallikativu,31224,8.4458,81.2875,low
24,Mawadichenai,31238,8.4458,81.2875,medium
24,Mullipothana,31312,8.3683,81.0281,high
24,Mutur,31200,8.45,81.2667,low
24,Neelapola,31228,8.4458,81.2875,medium
24,Nilaveli,31010,8.658756,81.148516,high
24,Pankulam,31034,8.6333,81.0167,low
24,Pulmoddai,50567,8.9333,80.9833,medium
24,Rottawewa,31038,8.6333,81.0167,high
24,Sampaltivu,31006,8.6167,81.2,high
24,Sampoor,31216,8.493354,81.284828,low
24,Serunuwara,31232,8.4458,81.2875,medium
24,Seruwila,31260,8.4458,81.2875,high
24,Sirajnagar,31314,8.3683,81.0281,low
24,Somapura,31222,8.4458,81.2875,medium
24,Tampalakamam,31046,8.4925,81.0964,high
24,Thuraineelavanai,30254,8.2833,81.2667,low
24,Tiriyayi,31016,8.7444,81.15,medium
24,Toppur,31250,8.4,81.3167,high
24,Trincomalee,31000,8.5667,81.2333,low
24,Wanela,31308,8.3683,81.0281,medium
25,Vavuniya,43000,8.758818,80.493461,high
5,Colombo 1,100,6.925833,79.841667,high
5,Colombo 3,300,6.900556,79.853333,low
5,Colombo 4,400,6.888889,79.856667,medium
5,Colombo 5,500,6.879444,79.865278,high
5,Colombo 7,700,6.906667,79.863333,low
5,Colombo 9,900,6.93,79.877778,medium
5,Colombo 10,1000,6.928333,79.864167,high
5,Colombo 11,1100,6.936667,79.849722,low
5,Colombo 12,1200,6.9425,79.858333,medium
5,Colombo 14,1400,6.9475,79.874722,high
